"","Yield","Easting","PassNo","Pair","Product","Northing","Pass"
"1",213.508546792076,2,1,1,"E",0.783072959421157,"1"
"2",209.780209908276,4,1,1,"E",0.783072959421157,"1"
"3",206.060688265786,6,1,1,"E",0.783072959421157,"1"
"4",202.361439979308,8,1,1,"E",0.783072959421157,"1"
"5",198.697723816174,10,1,1,"E",0.783072959421157,"1"
"6",195.087742434726,12,1,1,"E",0.783072959421157,"1"
"7",191.551850994205,14,1,1,"E",0.783072959421157,"1"
"8",188.111717501022,16,1,1,"E",0.783072959421157,"1"
"9",184.789553312661,18,1,1,"E",0.783072959421157,"1"
"10",181.607390448306,20,1,1,"E",0.783072959421157,"1"
"11",178.586426157801,22,1,1,"E",0.783072959421157,"1"
"12",175.74641462243,24,1,1,"E",0.783072959421157,"1"
"13",173.105090296231,26,1,1,"E",0.783072959421157,"1"
"14",170.677643638532,28,1,1,"E",0.783072959421157,"1"
"15",168.476206329209,30,1,1,"E",0.783072959421157,"1"
"16",166.509530951001,32,1,1,"E",0.783072959421157,"1"
"17",164.782781921116,34,1,1,"E",0.783072959421157,"1"
"18",163.297414533761,36,1,1,"E",0.783072959421157,"1"
"19",162.051103514331,38,1,1,"E",0.783072959421157,"1"
"20",161.037709287322,40,1,1,"E",0.783072959421157,"1"
"21",160.247433093647,42,1,1,"E",0.783072959421157,"1"
"22",159.66698288161,44,1,1,"E",0.783072959421157,"1"
"23",159.279783799202,46,1,1,"E",0.783072959421157,"1"
"24",159.066342572095,48,1,1,"E",0.783072959421157,"1"
"25",159.004605774164,50,1,1,"E",0.783072959421157,"1"
"26",159.07036011286,52,1,1,"E",0.783072959421157,"1"
"27",159.237675832475,54,1,1,"E",0.783072959421157,"1"
"28",159.479385557164,56,1,1,"E",0.783072959421157,"1"
"29",159.767576786581,58,1,1,"E",0.783072959421157,"1"
"30",160.074104007716,60,1,1,"E",0.783072959421157,"1"
"31",160.371110290294,62,1,1,"E",0.783072959421157,"1"
"32",160.63154454562,64,1,1,"E",0.783072959421157,"1"
"33",160.82967747649,66,1,1,"E",0.783072959421157,"1"
"34",160.941583445836,68,1,1,"E",0.783072959421157,"1"
"35",160.9455882811,70,1,1,"E",0.783072959421157,"1"
"36",160.822701906107,72,1,1,"E",0.783072959421157,"1"
"37",160.557023330645,74,1,1,"E",0.783072959421157,"1"
"38",160.136038267971,76,1,1,"E",0.783072959421157,"1"
"39",159.55088708076,78,1,1,"E",0.783072959421157,"1"
"40",158.796620138017,80,1,1,"E",0.783072959421157,"1"
"41",157.87230571695,82,1,1,"E",0.783072959421157,"1"
"42",156.781055139862,84,1,1,"E",0.783072959421157,"1"
"43",155.530017968405,86,1,1,"E",0.783072959421157,"1"
"44",154.130322593684,88,1,1,"E",0.783072959421157,"1"
"45",152.596927840661,90,1,1,"E",0.783072959421157,"1"
"46",150.948379793002,92,1,1,"E",0.783072959421157,"1"
"47",149.206499380813,94,1,1,"E",0.783072959421157,"1"
"48",147.39602800105,96,1,1,"E",0.783072959421157,"1"
"49",145.544209784335,98,1,1,"E",0.783072959421157,"1"
"50",143.680356679828,100,1,1,"E",0.783072959421157,"1"
"51",141.835325660548,102,1,1,"E",0.783072959421157,"1"
"52",140.040961901362,104,1,1,"E",0.783072959421157,"1"
"53",138.32953298569,106,1,1,"E",0.783072959421157,"1"
"54",136.733142169503,108,1,1,"E",0.783072959421157,"1"
"55",135.283146781064,110,1,1,"E",0.783072959421157,"1"
"56",134.009578890182,112,1,1,"E",0.783072959421157,"1"
"57",132.940594969955,114,1,1,"E",0.783072959421157,"1"
"58",132.101946915932,116,1,1,"E",0.783072959421157,"1"
"59",131.516483577351,118,1,1,"E",0.783072959421157,"1"
"60",131.203730395429,120,1,1,"E",0.783072959421157,"1"
"61",131.179531002231,122,1,1,"E",0.783072959421157,"1"
"62",131.455658555738,124,1,1,"E",0.783072959421157,"1"
"63",132.039523450158,126,1,1,"E",0.783072959421157,"1"
"64",132.933965044339,128,1,1,"E",0.783072959421157,"1"
"65",134.137170496605,130,1,1,"E",0.783072959421157,"1"
"66",135.64263163006,132,1,1,"E",0.783072959421157,"1"
"67",137.439147441339,134,1,1,"E",0.783072959421157,"1"
"68",139.510899458474,136,1,1,"E",0.783072959421157,"1"
"69",141.837635479948,138,1,1,"E",0.783072959421157,"1"
"70",144.394966753348,140,1,1,"E",0.783072959421157,"1"
"71",147.154668555682,142,1,1,"E",0.783072959421157,"1"
"72",150.085006217845,144,1,1,"E",0.783072959421157,"1"
"73",153.15115349432,146,1,1,"E",0.783072959421157,"1"
"74",156.315686771609,148,1,1,"E",0.783072959421157,"1"
"75",159.539063108658,150,1,1,"E",0.783072959421157,"1"
"76",162.780176192622,152,1,1,"E",0.783072959421157,"1"
"77",165.996952563727,154,1,1,"E",0.783072959421157,"1"
"78",169.146952504818,156,1,1,"E",0.783072959421157,"1"
"79",172.187983198695,158,1,1,"E",0.783072959421157,"1"
"80",175.078726546013,160,1,1,"E",0.783072959421157,"1"
"81",177.779368985849,162,1,1,"E",0.783072959421157,"1"
"82",180.252182930625,164,1,1,"E",0.783072959421157,"1"
"83",182.462105681898,166,1,1,"E",0.783072959421157,"1"
"84",184.377302767615,168,1,1,"E",0.783072959421157,"1"
"85",185.9696626044,170,1,1,"E",0.783072959421157,"1"
"86",187.215223761869,172,1,1,"E",0.783072959421157,"1"
"87",188.094602373293,174,1,1,"E",0.783072959421157,"1"
"88",188.593266678732,176,1,1,"E",0.783072959421157,"1"
"89",188.701797807735,178,1,1,"E",0.783072959421157,"1"
"90",188.416057170345,180,1,1,"E",0.783072959421157,"1"
"91",187.737236893045,182,1,1,"E",0.783072959421157,"1"
"92",186.671846866964,184,1,1,"E",0.783072959421157,"1"
"93",185.231662549916,186,1,1,"E",0.783072959421157,"1"
"94",183.433611084822,188,1,1,"E",0.783072959421157,"1"
"95",181.299501375199,190,1,1,"E",0.783072959421157,"1"
"96",178.855710176135,192,1,1,"E",0.783072959421157,"1"
"97",176.132836417077,194,1,1,"E",0.783072959421157,"1"
"98",173.16528034655,196,1,1,"E",0.783072959421157,"1"
"99",169.990787389096,198,1,1,"E",0.783072959421157,"1"
"100",166.649901644489,200,1,1,"E",0.783072959421157,"1"
"101",163.185349370466,202,1,1,"E",0.783072959421157,"1"
"102",159.641416360387,204,1,1,"E",0.783072959421157,"1"
"103",156.063322534161,206,1,1,"E",0.783072959421157,"1"
"104",152.49656607709,208,1,1,"E",0.783072959421157,"1"
"105",148.986279773619,210,1,1,"E",0.783072959421157,"1"
"106",145.576589025775,212,1,1,"E",0.783072959421157,"1"
"107",142.309990161119,214,1,1,"E",0.783072959421157,"1"
"108",139.226769807539,216,1,1,"E",0.783072959421157,"1"
"109",136.364452629036,218,1,1,"E",0.783072959421157,"1"
"110",133.75732561236,220,1,1,"E",0.783072959421157,"1"
"111",131.435967001566,222,1,1,"E",0.783072959421157,"1"
"112",129.426807416016,224,1,1,"E",0.783072959421157,"1"
"113",127.75181503177,226,1,1,"E",0.783072959421157,"1"
"114",126.42826182815,228,1,1,"E",0.783072959421157,"1"
"115",125.468477610443,230,1,1,"E",0.783072959421157,"1"
"116",124.879732470588,232,1,1,"E",0.783072959421157,"1"
"117",124.664202091822,234,1,1,"E",0.783072959421157,"1"
"118",124.818940909099,236,1,1,"E",0.783072959421157,"1"
"119",125.336049736293,238,1,1,"E",0.783072959421157,"1"
"120",126.202925295868,240,1,1,"E",0.783072959421157,"1"
"121",127.402609604473,242,1,1,"E",0.783072959421157,"1"
"122",128.914212738953,244,1,1,"E",0.783072959421157,"1"
"123",130.713282112446,246,1,1,"E",0.783072959421157,"1"
"124",132.772248002687,248,1,1,"E",0.783072959421157,"1"
"125",135.060935469087,250,1,1,"E",0.783072959421157,"1"
"126",137.547081242348,252,1,1,"E",0.783072959421157,"1"
"127",140.196870637857,254,1,1,"E",0.783072959421157,"1"
"128",142.97548093797,256,1,1,"E",0.783072959421157,"1"
"129",145.847605545184,258,1,1,"E",0.783072959421157,"1"
"130",148.777976415585,260,1,1,"E",0.783072959421157,"1"
"131",151.731874846088,262,1,1,"E",0.783072959421157,"1"
"132",154.675629941046,264,1,1,"E",0.783072959421157,"1"
"133",157.577086388293,266,1,1,"E",0.783072959421157,"1"
"134",160.406038300812,268,1,1,"E",0.783072959421157,"1"
"135",163.134611334951,270,1,1,"E",0.783072959421157,"1"
"136",165.737614137942,272,1,1,"E",0.783072959421157,"1"
"137",168.192808672583,274,1,1,"E",0.783072959421157,"1"
"138",170.481132625591,276,1,1,"E",0.783072959421157,"1"
"139",172.586892830835,278,1,1,"E",0.783072959421157,"1"
"140",174.49792636003,280,1,1,"E",0.783072959421157,"1"
"141",176.205642900225,282,1,1,"E",0.783072959421157,"1"
"142",177.705012898747,284,1,1,"E",0.783072959421157,"1"
"143",178.994502927287,286,1,1,"E",0.783072959421157,"1"
"144",180.075960374823,288,1,1,"E",0.783072959421157,"1"
"145",180.954453846154,290,1,1,"E",0.783072959421157,"1"
"146",181.638052940372,292,1,1,"E",0.783072959421157,"1"
"147",182.137524522186,294,1,1,"E",0.783072959421157,"1"
"148",182.466055438144,296,1,1,"E",0.783072959421157,"1"
"149",182.638914420325,298,1,1,"E",0.783072959421157,"1"
"150",182.673084353712,300,1,1,"E",0.783072959421157,"1"
"151",182.586890173326,302,1,1,"E",0.783072959421157,"1"
"152",182.399602828747,304,1,1,"E",0.783072959421157,"1"
"153",182.131054408565,306,1,1,"E",0.783072959421157,"1"
"154",181.801238960575,308,1,1,"E",0.783072959421157,"1"
"155",181.429930839973,310,1,1,"E",0.783072959421157,"1"
"156",181.036322077367,312,1,1,"E",0.783072959421157,"1"
"157",180.638665475321,314,1,1,"E",0.783072959421157,"1"
"158",180.253964669715,316,1,1,"E",0.783072959421157,"1"
"159",179.897725294995,318,1,1,"E",0.783072959421157,"1"
"160",179.583709836106,320,1,1,"E",0.783072959421157,"1"
"161",179.323699939309,322,1,1,"E",0.783072959421157,"1"
"162",179.127346869958,324,1,1,"E",0.783072959421157,"1"
"163",179.002072923147,326,1,1,"E",0.783072959421157,"1"
"164",178.953020256469,328,1,1,"E",0.783072959421157,"1"
"165",178.983059752666,330,1,1,"E",0.783072959421157,"1"
"166",179.092813154987,332,1,1,"E",0.783072959421157,"1"
"167",179.28073281722,334,1,1,"E",0.783072959421157,"1"
"168",179.543235194661,336,1,1,"E",0.783072959421157,"1"
"169",179.874874535019,338,1,1,"E",0.783072959421157,"1"
"170",180.268525654158,340,1,1,"E",0.783072959421157,"1"
"171",180.715604099797,342,1,1,"E",0.783072959421157,"1"
"172",181.206320384452,344,1,1,"E",0.783072959421157,"1"
"173",181.729943954326,346,1,1,"E",0.783072959421157,"1"
"174",182.275088376392,348,1,1,"E",0.783072959421157,"1"
"175",182.829998950048,350,1,1,"E",0.783072959421157,"1"
"176",183.382838376138,352,1,1,"E",0.783072959421157,"1"
"177",183.921967672917,354,1,1,"E",0.783072959421157,"1"
"178",184.436215790972,356,1,1,"E",0.783072959421157,"1"
"179",184.915136014034,358,1,1,"E",0.783072959421157,"1"
"180",185.349230546838,360,1,1,"E",0.783072959421157,"1"
"181",185.730157251126,362,1,1,"E",0.783072959421157,"1"
"182",186.050907623104,364,1,1,"E",0.783072959421157,"1"
"183",186.305920964285,366,1,1,"E",0.783072959421157,"1"
"184",186.491183923589,368,1,1,"E",0.783072959421157,"1"
"185",186.604283333332,370,1,1,"E",0.783072959421157,"1"
"186",186.644407028223,372,1,1,"E",0.783072959421157,"1"
"187",186.612320315392,374,1,1,"E",0.783072959421157,"1"
"188",186.510276761701,376,1,1,"E",0.783072959421157,"1"
"189",186.341894604738,378,1,1,"E",0.783072959421157,"1"
"190",186.112022511543,380,1,1,"E",0.783072959421157,"1"
"191",185.826561491049,382,1,1,"E",0.783072959421157,"1"
"192",185.492235180778,384,1,1,"E",0.783072959421157,"1"
"193",185.116337211332,386,1,1,"E",0.783072959421157,"1"
"194",184.706446462625,388,1,1,"E",0.783072959421157,"1"
"195",184.270122571899,390,1,1,"E",0.783072959421157,"1"
"196",183.814584769382,392,1,1,"E",0.783072959421157,"1"
"197",183.346371111091,394,1,1,"E",0.783072959421157,"1"
"198",182.871009542771,396,1,1,"E",0.783072959421157,"1"
"199",182.39264175009,398,1,1,"E",0.783072959421157,"1"
"200",204.972829271163,2,2,1,"E",6.8630408585656,"2"
"201",201.9634367639,4,2,1,"E",6.8630408585656,"2"
"202",198.961000304311,6,2,1,"E",6.8630408585656,"2"
"203",195.974905774933,8,2,1,"E",6.8630408585656,"2"
"204",193.017667484217,10,2,1,"E",6.8630408585656,"2"
"205",190.104184356908,12,2,1,"E",6.8630408585656,"2"
"206",187.251004150054,14,2,1,"E",6.8630408585656,"2"
"207",184.475592882144,16,2,1,"E",6.8630408585656,"2"
"208",181.795620838858,18,2,1,"E",6.8630408585656,"2"
"209",179.228338923124,20,2,1,"E",6.8630408585656,"2"
"210",176.790022635032,22,2,1,"E",6.8630408585656,"2"
"211",174.49548057813,24,2,1,"E",6.8630408585656,"2"
"212",172.357634735582,26,2,1,"E",6.8630408585656,"2"
"213",170.387125835287,28,2,1,"E",6.8630408585656,"2"
"214",168.591975574951,30,2,1,"E",6.8630408585656,"2"
"215",166.977331261035,32,2,1,"E",6.8630408585656,"2"
"216",165.545270871921,34,2,1,"E",6.8630408585656,"2"
"217",164.294708790358,36,2,1,"E",6.8630408585656,"2"
"218",163.221328626077,38,2,1,"E",6.8630408585656,"2"
"219",162.317520072178,40,2,1,"E",6.8630408585656,"2"
"220",161.572465120799,42,2,1,"E",6.8630408585656,"2"
"221",160.972284253626,44,2,1,"E",6.8630408585656,"2"
"222",160.500222933482,46,2,1,"E",6.8630408585656,"2"
"223",160.136924482374,48,2,1,"E",6.8630408585656,"2"
"224",159.860769095857,50,2,1,"E",6.8630408585656,"2"
"225",159.648262911946,52,2,1,"E",6.8630408585656,"2"
"226",159.474477613843,54,2,1,"E",6.8630408585656,"2"
"227",159.313549928509,56,2,1,"E",6.8630408585656,"2"
"228",159.139196153333,58,2,1,"E",6.8630408585656,"2"
"229",158.925239518498,60,2,1,"E",6.8630408585656,"2"
"230",158.646153315139,62,2,1,"E",6.8630408585656,"2"
"231",158.277589860226,64,2,1,"E",6.8630408585656,"2"
"232",157.79690051405,66,2,1,"E",6.8630408585656,"2"
"233",157.18363158523,68,2,1,"E",6.8630408585656,"2"
"234",156.419988644262,70,2,1,"E",6.8630408585656,"2"
"235",155.491246845719,72,2,1,"E",6.8630408585656,"2"
"236",154.38609267973,74,2,1,"E",6.8630408585656,"2"
"237",153.096967452766,76,2,1,"E",6.8630408585656,"2"
"238",151.62032648794,78,2,1,"E",6.8630408585656,"2"
"239",149.956787722905,80,2,1,"E",6.8630408585656,"2"
"240",148.111202582789,82,2,1,"E",6.8630408585656,"2"
"241",146.092681563317,84,2,1,"E",6.8630408585656,"2"
"242",143.914554036929,86,2,1,"E",6.8630408585656,"2"
"243",141.594251881272,88,2,1,"E",6.8630408585656,"2"
"244",139.153129110141,90,2,1,"E",6.8630408585656,"2"
"245",136.61614660254,92,2,1,"E",6.8630408585656,"2"
"246",134.011519200747,94,2,1,"E",6.8630408585656,"2"
"247",131.370327465145,96,2,1,"E",6.8630408585656,"2"
"248",128.726050839678,98,2,1,"E",6.8630408585656,"2"
"249",126.114075308064,100,2,1,"E",6.8630408585656,"2"
"250",123.571155282304,102,2,1,"E",6.8630408585656,"2"
"251",121.134845287537,104,2,1,"E",6.8630408585656,"2"
"252",118.842894478872,106,2,1,"E",6.8630408585656,"2"
"253",116.73262150746,108,2,1,"E",6.8630408585656,"2"
"254",114.840282569858,110,2,1,"E",6.8630408585656,"2"
"255",113.200428619525,112,2,1,"E",6.8630408585656,"2"
"256",111.845272855204,114,2,1,"E",6.8630408585656,"2"
"257",110.804095123126,116,2,1,"E",6.8630408585656,"2"
"258",110.102677917504,118,2,1,"E",6.8630408585656,"2"
"259",109.762781815246,120,2,1,"E",6.8630408585656,"2"
"260",109.801617358756,122,2,1,"E",6.8630408585656,"2"
"261",110.231427773531,124,2,1,"E",6.8630408585656,"2"
"262",111.059171172872,126,2,1,"E",6.8630408585656,"2"
"263",112.286243740392,128,2,1,"E",6.8630408585656,"2"
"264",113.908348541804,130,2,1,"E",6.8630408585656,"2"
"265",115.915364220412,132,2,1,"E",6.8630408585656,"2"
"266",118.291386025639,134,2,1,"E",6.8630408585656,"2"
"267",121.014947176918,136,2,1,"E",6.8630408585656,"2"
"268",124.059198788608,138,2,1,"E",6.8630408585656,"2"
"269",127.392149913907,140,2,1,"E",6.8630408585656,"2"
"270",130.977098612278,142,2,1,"E",6.8630408585656,"2"
"271",134.773105793314,144,2,1,"E",6.8630408585656,"2"
"272",138.735521707751,146,2,1,"E",6.8630408585656,"2"
"273",142.816666960898,148,2,1,"E",6.8630408585656,"2"
"274",146.966525440397,150,2,1,"E",6.8630408585656,"2"
"275",151.133454534703,152,2,1,"E",6.8630408585656,"2"
"276",155.264935357718,154,2,1,"E",6.8630408585656,"2"
"277",159.308355508431,156,2,1,"E",6.8630408585656,"2"
"278",163.211803779969,158,2,1,"E",6.8630408585656,"2"
"279",166.924839536528,160,2,1,"E",6.8630408585656,"2"
"280",170.399267888225,162,2,1,"E",6.8630408585656,"2"
"281",173.589907965458,164,2,1,"E",6.8630408585656,"2"
"282",176.455256525409,166,2,1,"E",6.8630408585656,"2"
"283",178.958070404187,168,2,1,"E",6.8630408585656,"2"
"284",181.065938122444,170,2,1,"E",6.8630408585656,"2"
"285",182.751745401078,172,2,1,"E",6.8630408585656,"2"
"286",183.994085565529,174,2,1,"E",6.8630408585656,"2"
"287",184.777595539138,176,2,1,"E",6.8630408585656,"2"
"288",185.093209995263,178,2,1,"E",6.8630408585656,"2"
"289",184.938326208379,180,2,1,"E",6.8630408585656,"2"
"290",184.316809396612,182,2,1,"E",6.8630408585656,"2"
"291",183.238925141967,184,2,1,"E",6.8630408585656,"2"
"292",181.721186847539,186,2,1,"E",6.8630408585656,"2"
"293",179.786145413513,188,2,1,"E",6.8630408585656,"2"
"294",177.462038636343,190,2,1,"E",6.8630408585656,"2"
"295",174.782303877755,192,2,1,"E",6.8630408585656,"2"
"296",171.785046360748,194,2,1,"E",6.8630408585656,"2"
"297",168.512461459897,196,2,1,"E",6.8630408585656,"2"
"298",165.010240519287,198,2,1,"E",6.8630408585656,"2"
"299",161.326913468272,200,2,1,"E",6.8630408585656,"2"
"300",157.513167331584,202,2,1,"E",6.8630408585656,"2"
"301",153.621114548846,204,2,1,"E",6.8630408585656,"2"
"302",149.703554549833,206,2,1,"E",6.8630408585656,"2"
"303",145.8132222199,208,2,1,"E",6.8630408585656,"2"
"304",142.002052969971,210,2,1,"E",6.8630408585656,"2"
"305",138.320456948135,212,2,1,"E",6.8630408585656,"2"
"306",134.8166313901,214,2,1,"E",6.8630408585656,"2"
"307",131.535935351133,216,2,1,"E",6.8630408585656,"2"
"308",128.52026144254,218,2,1,"E",6.8630408585656,"2"
"309",125.80748139396,220,2,1,"E",6.8630408585656,"2"
"310",123.430998809051,222,2,1,"E",6.8630408585656,"2"
"311",121.419364526638,224,2,1,"E",6.8630408585656,"2"
"312",119.795987228811,226,2,1,"E",6.8630408585656,"2"
"313",118.578883287579,228,2,1,"E",6.8630408585656,"2"
"314",117.780541137171,230,2,1,"E",6.8630408585656,"2"
"315",117.407882123575,232,2,1,"E",6.8630408585656,"2"
"316",117.462244287163,234,2,1,"E",6.8630408585656,"2"
"317",117.93942648315,236,2,1,"E",6.8630408585656,"2"
"318",118.829772487455,238,2,1,"E",6.8630408585656,"2"
"319",120.118402651059,240,2,1,"E",6.8630408585656,"2"
"320",121.785441700457,242,2,1,"E",6.8630408585656,"2"
"321",123.806286789413,244,2,1,"E",6.8630408585656,"2"
"322",126.152018691594,246,2,1,"E",6.8630408585656,"2"
"323",128.789873311186,248,2,1,"E",6.8630408585656,"2"
"324",131.683723089981,250,2,1,"E",6.8630408585656,"2"
"325",134.794716118695,252,2,1,"E",6.8630408585656,"2"
"326",138.081932323904,254,2,1,"E",6.8630408585656,"2"
"327",141.503033092399,256,2,1,"E",6.8630408585656,"2"
"328",145.014943422149,258,2,1,"E",6.8630408585656,"2"
"329",148.574542675289,260,2,1,"E",6.8630408585656,"2"
"330",152.13933031206,262,2,1,"E",6.8630408585656,"2"
"331",155.668073462355,264,2,1,"E",6.8630408585656,"2"
"332",159.121397815021,266,2,1,"E",6.8630408585656,"2"
"333",162.462364059492,268,2,1,"E",6.8630408585656,"2"
"334",165.657006473728,270,2,1,"E",6.8630408585656,"2"
"335",168.674738230628,272,2,1,"E",6.8630408585656,"2"
"336",171.488740554808,274,2,1,"E",6.8630408585656,"2"
"337",174.076285214157,276,2,1,"E",6.8630408585656,"2"
"338",176.418960212692,278,2,1,"E",6.8630408585656,"2"
"339",178.502812140382,280,2,1,"E",6.8630408585656,"2"
"340",180.318398486783,282,2,1,"E",6.8630408585656,"2"
"341",181.860746247609,284,2,1,"E",6.8630408585656,"2"
"342",183.129296880252,286,2,1,"E",6.8630408585656,"2"
"343",184.127817290835,288,2,1,"E",6.8630408585656,"2"
"344",184.864164417477,290,2,1,"E",6.8630408585656,"2"
"345",185.349945956114,292,2,1,"E",6.8630408585656,"2"
"346",185.600211853065,294,2,1,"E",6.8630408585656,"2"
"347",185.633124428853,296,2,1,"E",6.8630408585656,"2"
"348",185.469456342396,298,2,1,"E",6.8630408585656,"2"
"349",185.132121099545,300,2,1,"E",6.8630408585656,"2"
"350",184.645718510274,302,2,1,"E",6.8630408585656,"2"
"351",184.036037841019,304,2,1,"E",6.8630408585656,"2"
"352",183.329554965178,306,2,1,"E",6.8630408585656,"2"
"353",182.552917205634,308,2,1,"E",6.8630408585656,"2"
"354",181.732458793478,310,2,1,"E",6.8630408585656,"2"
"355",180.893727502073,312,2,1,"E",6.8630408585656,"2"
"356",180.061052381857,314,2,1,"E",6.8630408585656,"2"
"357",179.257154756954,316,2,1,"E",6.8630408585656,"2"
"358",178.502776778683,318,2,1,"E",6.8630408585656,"2"
"359",177.816370357628,320,2,1,"E",6.8630408585656,"2"
"360",177.213861247918,322,2,1,"E",6.8630408585656,"2"
"361",176.708453558229,324,2,1,"E",6.8630408585656,"2"
"362",176.310478800719,326,2,1,"E",6.8630408585656,"2"
"363",176.027312503399,328,2,1,"E",6.8630408585656,"2"
"364",175.863362604048,330,2,1,"E",6.8630408585656,"2"
"365",175.820066261882,332,2,1,"E",6.8630408585656,"2"
"366",175.89595486309,334,2,1,"E",6.8630408585656,"2"
"367",176.086809042747,336,2,1,"E",6.8630408585656,"2"
"368",176.385857084091,338,2,1,"E",6.8630408585656,"2"
"369",176.784028853093,340,2,1,"E",6.8630408585656,"2"
"370",177.270250068257,342,2,1,"E",6.8630408585656,"2"
"371",177.831754057186,344,2,1,"E",6.8630408585656,"2"
"372",178.454442785218,346,2,1,"E",6.8630408585656,"2"
"373",179.123261509589,348,2,1,"E",6.8630408585656,"2"
"374",179.822561590095,350,2,1,"E",6.8630408585656,"2"
"375",180.536481163474,352,2,1,"E",6.8630408585656,"2"
"376",181.249311933949,354,2,1,"E",6.8630408585656,"2"
"377",181.945851128117,356,2,1,"E",6.8630408585656,"2"
"378",182.611734531856,358,2,1,"E",6.8630408585656,"2"
"379",183.233736725531,360,2,1,"E",6.8630408585656,"2"
"380",183.800034703928,362,2,1,"E",6.8630408585656,"2"
"381",184.300428382531,364,2,1,"E",6.8630408585656,"2"
"382",184.726516597607,366,2,1,"E",6.8630408585656,"2"
"383",185.071821049623,368,2,1,"E",6.8630408585656,"2"
"384",185.331883293248,370,2,1,"E",6.8630408585656,"2"
"385",185.504305195261,372,2,1,"E",6.8630408585656,"2"
"386",185.58875651263,374,2,1,"E",6.8630408585656,"2"
"387",185.586911017403,376,2,1,"E",6.8630408585656,"2"
"388",185.502300887371,378,2,1,"E",6.8630408585656,"2"
"389",185.340135991208,380,2,1,"E",6.8630408585656,"2"
"390",185.107088419082,382,2,1,"E",6.8630408585656,"2"
"391",184.811012670191,384,2,1,"E",6.8630408585656,"2"
"392",184.460624482427,386,2,1,"E",6.8630408585656,"2"
"393",184.065157183827,388,2,1,"E",6.8630408585656,"2"
"394",183.63398308475,390,2,1,"E",6.8630408585656,"2"
"395",183.1762166788,392,2,1,"E",6.8630408585656,"2"
"396",182.700288209568,394,2,1,"E",6.8630408585656,"2"
"397",182.213503493516,396,2,1,"E",6.8630408585656,"2"
"398",181.721602243151,398,2,1,"E",6.8630408585656,"2"
"399",195.154172600615,2,3,2,"B",12.9852964518518,"3"
"400",193.260819821615,4,3,2,"B",12.9852964518518,"3"
"401",191.375002009338,6,3,2,"B",12.9852964518518,"3"
"402",189.505363647013,8,3,2,"B",12.9852964518518,"3"
"403",187.662931509152,10,3,2,"B",12.9852964518518,"3"
"404",185.860398435624,12,3,2,"B",12.9852964518518,"3"
"405",184.11148573867,14,3,2,"B",12.9852964518518,"3"
"406",182.430323556671,16,3,2,"B",12.9852964518518,"3"
"407",180.830860932607,18,3,2,"B",12.9852964518518,"3"
"408",179.326334328609,20,3,2,"B",12.9852964518518,"3"
"409",177.928790771514,22,3,2,"B",12.9852964518518,"3"
"410",176.648629759775,24,3,2,"B",12.9852964518518,"3"
"411",175.49423220637,26,3,2,"B",12.9852964518518,"3"
"412",174.471650990334,28,3,2,"B",12.9852964518518,"3"
"413",173.58435526122,30,3,2,"B",12.9852964518518,"3"
"414",172.833000563859,32,3,2,"B",12.9852964518518,"3"
"415",172.21527593902,34,3,2,"B",12.9852964518518,"3"
"416",171.725864524026,36,3,2,"B",12.9852964518518,"3"
"417",171.356429939951,38,3,2,"B",12.9852964518518,"3"
"418",171.095640540243,40,3,2,"B",12.9852964518518,"3"
"419",170.929279639606,42,3,2,"B",12.9852964518518,"3"
"420",170.840474979037,44,3,2,"B",12.9852964518518,"3"
"421",170.809958080962,46,3,2,"B",12.9852964518518,"3"
"422",170.81638515427,48,3,2,"B",12.9852964518518,"3"
"423",170.836714145941,50,3,2,"B",12.9852964518518,"3"
"424",170.84664151793,52,3,2,"B",12.9852964518518,"3"
"425",170.821087792722,54,3,2,"B",12.9852964518518,"3"
"426",170.734719726188,56,3,2,"B",12.9852964518518,"3"
"427",170.562487850449,58,3,2,"B",12.9852964518518,"3"
"428",170.280178753933,60,3,2,"B",12.9852964518518,"3"
"429",169.864955535176,62,3,2,"B",12.9852964518518,"3"
"430",169.295873056523,64,3,2,"B",12.9852964518518,"3"
"431",168.554402217257,66,3,2,"B",12.9852964518518,"3"
"432",167.624930922699,68,3,2,"B",12.9852964518518,"3"
"433",166.495171883975,70,3,2,"B",12.9852964518518,"3"
"434",165.156532563483,72,3,2,"B",12.9852964518518,"3"
"435",163.604476597271,74,3,2,"B",12.9852964518518,"3"
"436",161.838724592273,76,3,2,"B",12.9852964518518,"3"
"437",159.863422873638,78,3,2,"B",12.9852964518518,"3"
"438",157.687286798866,80,3,2,"B",12.9852964518518,"3"
"439",155.323599176013,82,3,2,"B",12.9852964518518,"3"
"440",152.790126090141,84,3,2,"B",12.9852964518518,"3"
"441",150.108936022305,86,3,2,"B",12.9852964518518,"3"
"442",147.30613582699,88,3,2,"B",12.9852964518518,"3"
"443",144.411543992792,90,3,2,"B",12.9852964518518,"3"
"444",141.458357566277,92,3,2,"B",12.9852964518518,"3"
"445",138.482723841983,94,3,2,"B",12.9852964518518,"3"
"446",135.523222060634,96,3,2,"B",12.9852964518518,"3"
"447",132.620317781124,98,3,2,"B",12.9852964518518,"3"
"448",129.815771287629,100,3,2,"B",12.9852964518518,"3"
"449",127.152006633171,102,3,2,"B",12.9852964518518,"3"
"450",124.671452686236,104,3,2,"B",12.9852964518518,"3"
"451",122.415873154094,106,3,2,"B",12.9852964518518,"3"
"452",120.425660022788,108,3,2,"B",12.9852964518518,"3"
"453",118.739135294438,110,3,2,"B",12.9852964518518,"3"
"454",117.391874190404,112,3,2,"B",12.9852964518518,"3"
"455",116.416010103831,114,3,2,"B",12.9852964518518,"3"
"456",115.839572707161,116,3,2,"B",12.9852964518518,"3"
"457",115.685921653856,118,3,2,"B",12.9852964518518,"3"
"458",115.973187397196,120,3,2,"B",12.9852964518518,"3"
"459",116.713843200486,122,3,2,"B",12.9852964518518,"3"
"460",117.914340538854,124,3,2,"B",12.9852964518518,"3"
"461",119.574796149058,126,3,2,"B",12.9852964518518,"3"
"462",121.68886459666,128,3,2,"B",12.9852964518518,"3"
"463",124.243579830789,130,3,2,"B",12.9852964518518,"3"
"464",127.219411709317,132,3,2,"B",12.9852964518518,"3"
"465",130.590434180432,134,3,2,"B",12.9852964518518,"3"
"466",134.324488588831,136,3,2,"B",12.9852964518518,"3"
"467",138.38354405328,138,3,2,"B",12.9852964518518,"3"
"468",142.724179952712,140,3,2,"B",12.9852964518518,"3"
"469",147.298127433912,142,3,2,"B",12.9852964518518,"3"
"470",152.052909834619,144,3,2,"B",12.9852964518518,"3"
"471",156.932506166503,146,3,2,"B",12.9852964518518,"3"
"472",161.878138140785,148,3,2,"B",12.9852964518518,"3"
"473",166.829101760935,150,3,2,"B",12.9852964518518,"3"
"474",171.72360975672,152,3,2,"B",12.9852964518518,"3"
"475",176.499684460916,154,3,2,"B",12.9852964518518,"3"
"476",181.096045573931,156,3,2,"B",12.9852964518518,"3"
"477",185.453010801036,158,3,2,"B",12.9852964518518,"3"
"478",189.513360502972,160,3,2,"B",12.9852964518518,"3"
"479",193.223223992247,162,3,2,"B",12.9852964518518,"3"
"480",196.532914848007,164,3,2,"B",12.9852964518518,"3"
"481",199.397614429833,166,3,2,"B",12.9852964518518,"3"
"482",201.778088230549,168,3,2,"B",12.9852964518518,"3"
"483",203.641226465384,170,3,2,"B",12.9852964518518,"3"
"484",204.960535715557,172,3,2,"B",12.9852964518518,"3"
"485",205.716557999599,174,3,2,"B",12.9852964518518,"3"
"486",205.897111844937,176,3,2,"B",12.9852964518518,"3"
"487",205.497555808771,178,3,2,"B",12.9852964518518,"3"
"488",204.520926096782,180,3,2,"B",12.9852964518518,"3"
"489",202.97788804556,182,3,2,"B",12.9852964518518,"3"
"490",200.886563298975,184,3,2,"B",12.9852964518518,"3"
"491",198.272212360394,186,3,2,"B",12.9852964518518,"3"
"492",195.166910712416,188,3,2,"B",12.9852964518518,"3"
"493",191.609109440423,190,3,2,"B",12.9852964518518,"3"
"494",187.643104836841,192,3,2,"B",12.9852964518518,"3"
"495",183.318362252679,194,3,2,"B",12.9852964518518,"3"
"496",178.688842669443,196,3,2,"B",12.9852964518518,"3"
"497",173.812257036328,198,3,2,"B",12.9852964518518,"3"
"498",168.749292733215,200,3,2,"B",12.9852964518518,"3"
"499",163.56279088952,202,3,2,"B",12.9852964518518,"3"
"500",158.316910055151,204,3,2,"B",12.9852964518518,"3"
"501",153.076273945691,206,3,2,"B",12.9852964518518,"3"
"502",147.905127365432,208,3,2,"B",12.9852964518518,"3"
"503",142.866504347896,210,3,2,"B",12.9852964518518,"3"
"504",138.021381176941,212,3,2,"B",12.9852964518518,"3"
"505",133.427917773198,214,3,2,"B",12.9852964518518,"3"
"506",129.140773440197,216,3,2,"B",12.9852964518518,"3"
"507",125.210427565846,218,3,2,"B",12.9852964518518,"3"
"508",121.68253184378,220,3,2,"B",12.9852964518518,"3"
"509",118.597395811039,222,3,2,"B",12.9852964518518,"3"
"510",115.989561331521,224,3,2,"B",12.9852964518518,"3"
"511",113.887424964978,226,3,2,"B",12.9852964518518,"3"
"512",112.312996692235,228,3,2,"B",12.9852964518518,"3"
"513",111.281733864019,230,3,2,"B",12.9852964518518,"3"
"514",110.802392739788,232,3,2,"B",12.9852964518518,"3"
"515",110.876995204199,234,3,2,"B",12.9852964518518,"3"
"516",111.500872939285,236,3,2,"B",12.9852964518518,"3"
"517",112.662833871548,238,3,2,"B",12.9852964518518,"3"
"518",114.345408008969,240,3,2,"B",12.9852964518518,"3"
"519",116.525180992354,242,3,2,"B",12.9852964518518,"3"
"520",119.173162056706,244,3,2,"B",12.9852964518518,"3"
"521",122.255295428017,246,3,2,"B",12.9852964518518,"3"
"522",125.7329705236,248,3,2,"B",12.9852964518518,"3"
"523",129.563589030775,250,3,2,"B",12.9852964518518,"3"
"524",133.701229690554,252,3,2,"B",12.9852964518518,"3"
"525",138.097363056463,254,3,2,"B",12.9852964518518,"3"
"526",142.701576191356,256,3,2,"B",12.9852964518518,"3"
"527",147.462326938873,258,3,2,"B",12.9852964518518,"3"
"528",152.327683471618,260,3,2,"B",12.9852964518518,"3"
"529",157.246042794463,262,3,2,"B",12.9852964518518,"3"
"530",162.166840041654,264,3,2,"B",12.9852964518518,"3"
"531",167.041222422493,266,3,2,"B",12.9852964518518,"3"
"532",171.822690484605,268,3,2,"B",12.9852964518518,"3"
"533",176.46766871395,270,3,2,"B",12.9852964518518,"3"
"534",180.93600574598,272,3,2,"B",12.9852964518518,"3"
"535",185.191428097591,274,3,2,"B",12.9852964518518,"3"
"536",189.20194455043,276,3,2,"B",12.9852964518518,"3"
"537",192.940088285235,278,3,2,"B",12.9852964518518,"3"
"538",196.383134348753,280,3,2,"B",12.9852964518518,"3"
"539",199.513239598662,282,3,2,"B",12.9852964518518,"3"
"540",202.317492162863,284,3,2,"B",12.9852964518518,"3"
"541",204.78788829877,286,3,2,"B",12.9852964518518,"3"
"542",206.921250393986,288,3,2,"B",12.9852964518518,"3"
"543",208.719038338742,290,3,2,"B",12.9852964518518,"3"
"544",210.18709743774,292,3,2,"B",12.9852964518518,"3"
"545",211.335389777916,294,3,2,"B",12.9852964518518,"3"
"546",212.177635947939,296,3,2,"B",12.9852964518518,"3"
"547",212.730911354177,298,3,2,"B",12.9852964518518,"3"
"548",213.015218373512,300,3,2,"B",12.9852964518518,"3"
"549",213.053010266503,302,3,2,"B",12.9852964518518,"3"
"550",212.868708196118,304,3,2,"B",12.9852964518518,"3"
"551",212.488196130962,306,3,2,"B",12.9852964518518,"3"
"552",211.938323277311,308,3,2,"B",12.9852964518518,"3"
"553",211.246416735999,310,3,2,"B",12.9852964518518,"3"
"554",210.439805353248,312,3,2,"B",12.9852964518518,"3"
"555",209.545358993303,314,3,2,"B",12.9852964518518,"3"
"556",208.589070661167,316,3,2,"B",12.9852964518518,"3"
"557",207.595675940436,318,3,2,"B",12.9852964518518,"3"
"558",206.5882996564,320,3,2,"B",12.9852964518518,"3"
"559",205.588169508951,322,3,2,"B",12.9852964518518,"3"
"560",204.61435773132,324,3,2,"B",12.9852964518518,"3"
"561",203.683570055709,326,3,2,"B",12.9852964518518,"3"
"562",202.810008127793,328,3,2,"B",12.9852964518518,"3"
"563",202.005288705718,330,3,2,"B",12.9852964518518,"3"
"564",201.278396468727,332,3,2,"B",12.9852964518518,"3"
"565",200.635726218952,334,3,2,"B",12.9852964518518,"3"
"566",200.081146100816,336,3,2,"B",12.9852964518518,"3"
"567",199.616122111011,338,3,2,"B",12.9852964518518,"3"
"568",199.239867391592,340,3,2,"B",12.9852964518518,"3"
"569",198.949547348378,342,3,2,"B",12.9852964518518,"3"
"570",198.740497227455,344,3,2,"B",12.9852964518518,"3"
"571",198.606452137164,346,3,2,"B",12.9852964518518,"3"
"572",198.539826702052,348,3,2,"B",12.9852964518518,"3"
"573",198.532005092862,350,3,2,"B",12.9852964518518,"3"
"574",198.573620723421,352,3,2,"B",12.9852964518518,"3"
"575",198.654844470847,354,3,2,"B",12.9852964518518,"3"
"576",198.765671684751,356,3,2,"B",12.9852964518518,"3"
"577",198.896189021734,358,3,2,"B",12.9852964518518,"3"
"578",199.036825937348,360,3,2,"B",12.9852964518518,"3"
"579",199.178583562511,362,3,2,"B",12.9852964518518,"3"
"580",199.313225955785,364,3,2,"B",12.9852964518518,"3"
"581",199.433452868985,366,3,2,"B",12.9852964518518,"3"
"582",199.533042982349,368,3,2,"B",12.9852964518518,"3"
"583",199.606941916828,370,3,2,"B",12.9852964518518,"3"
"584",199.65133102087,372,3,2,"B",12.9852964518518,"3"
"585",199.663663774673,374,3,2,"B",12.9852964518518,"3"
"586",199.642634386471,376,3,2,"B",12.9852964518518,"3"
"587",199.588113183267,378,3,2,"B",12.9852964518518,"3"
"588",199.501066889567,380,3,2,"B",12.9852964518518,"3"
"589",199.383456548025,382,3,2,"B",12.9852964518518,"3"
"590",199.238085836797,384,3,2,"B",12.9852964518518,"3"
"591",199.068414215968,386,3,2,"B",12.9852964518518,"3"
"592",198.878354978127,388,3,2,"B",12.9852964518518,"3"
"593",198.672057608678,390,3,2,"B",12.9852964518518,"3"
"594",198.453675302663,392,3,2,"B",12.9852964518518,"3"
"595",198.227120162463,394,3,2,"B",12.9852964518518,"3"
"596",197.995810690993,396,3,2,"B",12.9852964518518,"3"
"597",197.762400170183,398,3,2,"B",12.9852964518518,"3"
"598",227.576756890738,2,4,2,"B",19.0984345227862,"4"
"599",224.24635924141,4,4,2,"B",19.0984345227862,"4"
"600",220.924285490399,6,4,2,"B",19.0984345227862,"4"
"601",217.621285680946,8,4,2,"B",19.0984345227862,"4"
"602",214.35149559396,10,4,2,"B",19.0984345227862,"4"
"603",211.131523279311,12,4,2,"B",19.0984345227862,"4"
"604",207.979630298882,14,4,2,"B",19.0984345227862,"4"
"605",204.914930094237,16,4,2,"B",19.0984345227862,"4"
"606",201.956629419319,18,4,2,"B",19.0984345227862,"4"
"607",199.123345592467,20,4,2,"B",19.0984345227862,"4"
"608",196.432468763586,22,4,2,"B",19.0984345227862,"4"
"609",193.899567551615,24,4,2,"B",19.0984345227862,"4"
"610",191.537872280063,26,4,2,"B",19.0984345227862,"4"
"611",189.357830643371,28,4,2,"B",19.0984345227862,"4"
"612",187.366733764422,30,4,2,"B",19.0984345227862,"4"
"613",185.568458156665,32,4,2,"B",19.0984345227862,"4"
"614",183.96321592889,34,4,2,"B",19.0984345227862,"4"
"615",182.5474219063,36,4,2,"B",19.0984345227862,"4"
"616",181.313648892015,38,4,2,"B",19.0984345227862,"4"
"617",180.250657557991,40,4,2,"B",19.0984345227862,"4"
"618",179.343523192466,42,4,2,"B",19.0984345227862,"4"
"619",178.573793092645,44,4,2,"B",19.0984345227862,"4"
"620",177.919753315234,46,4,2,"B",19.0984345227862,"4"
"621",177.356801105894,48,4,2,"B",19.0984345227862,"4"
"622",176.857885922104,50,4,2,"B",19.0984345227862,"4"
"623",176.393998658978,52,4,2,"B",19.0984345227862,"4"
"624",175.934743642838,54,4,2,"B",19.0984345227862,"4"
"625",175.448941334896,56,4,2,"B",19.0984345227862,"4"
"626",174.905270999436,58,4,2,"B",19.0984345227862,"4"
"627",174.272934954975,60,4,2,"B",19.0984345227862,"4"
"628",173.522328380881,62,4,2,"B",19.0984345227862,"4"
"629",172.625678989503,64,4,2,"B",19.0984345227862,"4"
"630",171.557683495831,66,4,2,"B",19.0984345227862,"4"
"631",170.296161742233,68,4,2,"B",19.0984345227862,"4"
"632",168.822593528688,70,4,2,"B",19.0984345227862,"4"
"633",167.122606470204,72,4,2,"B",19.0984345227862,"4"
"634",165.18640179446,74,4,2,"B",19.0984345227862,"4"
"635",163.009045194424,76,4,2,"B",19.0984345227862,"4"
"636",160.590789019197,78,4,2,"B",19.0984345227862,"4"
"637",157.937272950915,80,4,2,"B",19.0984345227862,"4"
"638",155.059592269942,82,4,2,"B",19.0984345227862,"4"
"639",151.974300546163,84,4,2,"B",19.0984345227862,"4"
"640",148.703282889253,86,4,2,"B",19.0984345227862,"4"
"641",145.273514439183,88,4,2,"B",19.0984345227862,"4"
"642",141.7167435894,90,4,2,"B",19.0984345227862,"4"
"643",138.069154066559,92,4,2,"B",19.0984345227862,"4"
"644",134.370925893111,94,4,2,"B",19.0984345227862,"4"
"645",130.665700422404,96,4,2,"B",19.0984345227862,"4"
"646",126.999940519631,98,4,2,"B",19.0984345227862,"4"
"647",123.422258667044,100,4,2,"B",19.0984345227862,"4"
"648",119.982725314589,102,4,2,"B",19.0984345227862,"4"
"649",116.732126603708,104,4,2,"B",19.0984345227862,"4"
"650",113.7211776523,106,4,2,"B",19.0984345227862,"4"
"651",110.999710194475,108,4,2,"B",19.0984345227862,"4"
"652",108.615828283555,110,4,2,"B",19.0984345227862,"4"
"653",106.615079492766,112,4,2,"B",19.0984345227862,"4"
"654",105.039639100547,114,4,2,"B",19.0984345227862,"4"
"655",103.927541390914,116,4,2,"B",19.0984345227862,"4"
"656",103.311941700763,118,4,2,"B",19.0984345227862,"4"
"657",103.220385445686,120,4,2,"B",19.0984345227862,"4"
"658",103.674209276443,122,4,2,"B",19.0984345227862,"4"
"659",104.688049152585,124,4,2,"B",19.0984345227862,"4"
"660",106.269452130476,126,4,2,"B",19.0984345227862,"4"
"661",108.418644263392,128,4,2,"B",19.0984345227862,"4"
"662",111.128236157156,130,4,2,"B",19.0984345227862,"4"
"663",114.38316833639,132,4,2,"B",19.0984345227862,"4"
"664",118.160709185701,134,4,2,"B",19.0984345227862,"4"
"665",122.430640855942,136,4,2,"B",19.0984345227862,"4"
"666",127.155563663101,138,4,2,"B",19.0984345227862,"4"
"667",132.291319172248,140,4,2,"B",19.0984345227862,"4"
"668",137.787577609428,142,4,2,"B",19.0984345227862,"4"
"669",143.588390761947,144,4,2,"B",19.0984345227862,"4"
"670",149.632936431198,146,4,2,"B",19.0984345227862,"4"
"671",155.856304129035,148,4,2,"B",19.0984345227862,"4"
"672",162.190357079189,150,4,2,"B",19.0984345227862,"4"
"673",168.564660002009,152,4,2,"B",19.0984345227862,"4"
"674",174.907448077402,154,4,2,"B",19.0984345227862,"4"
"675",181.146638323287,156,4,2,"B",19.0984345227862,"4"
"676",187.210843101354,158,4,2,"B",19.0984345227862,"4"
"677",193.030370995426,160,4,2,"B",19.0984345227862,"4"
"678",198.538176700971,162,4,2,"B",19.0984345227862,"4"
"679",203.670827164094,164,4,2,"B",19.0984345227862,"4"
"680",208.369408674258,166,4,2,"B",19.0984345227862,"4"
"681",212.580436068935,168,4,2,"B",19.0984345227862,"4"
"682",216.256582829808,170,4,2,"B",19.0984345227862,"4"
"683",219.35738083814,172,4,2,"B",19.0984345227862,"4"
"684",221.849692423723,174,4,2,"B",19.0984345227862,"4"
"685",223.708104048311,176,4,2,"B",19.0984345227862,"4"
"686",224.915358018572,178,4,2,"B",19.0984345227862,"4"
"687",225.462555394873,180,4,2,"B",19.0984345227862,"4"
"688",225.349394802331,182,4,2,"B",19.0984345227862,"4"
"689",224.584115786077,184,4,2,"B",19.0984345227862,"4"
"690",223.183268075192,186,4,2,"B",19.0984345227862,"4"
"691",221.171352183365,188,4,2,"B",19.0984345227862,"4"
"692",218.580344604296,190,4,2,"B",19.0984345227862,"4"
"693",215.449269361556,192,4,2,"B",19.0984345227862,"4"
"694",211.823637695606,194,4,2,"B",19.0984345227862,"4"
"695",207.754741379937,196,4,2,"B",19.0984345227862,"4"
"696",203.298896502237,198,4,2,"B",19.0984345227862,"4"
"697",198.516653361387,200,4,2,"B",19.0984345227862,"4"
"698",193.47195995542,202,4,2,"B",19.0984345227862,"4"
"699",188.231316859378,204,4,2,"B",19.0984345227862,"4"
"700",182.862889695298,206,4,2,"B",19.0984345227862,"4"
"701",177.435582254197,208,4,2,"B",19.0984345227862,"4"
"702",172.018134999435,210,4,2,"B",19.0984345227862,"4"
"703",166.678230732477,212,4,2,"B",19.0984345227862,"4"
"704",161.481654793544,214,4,2,"B",19.0984345227862,"4"
"705",156.491482634975,216,4,2,"B",19.0984345227862,"4"
"706",151.767305368832,218,4,2,"B",19.0984345227862,"4"
"707",147.364556858785,220,4,2,"B",19.0984345227862,"4"
"708",143.3339030815,222,4,2,"B",19.0984345227862,"4"
"709",139.720627073323,224,4,2,"B",19.0984345227862,"4"
"710",136.56400652383,226,4,2,"B",19.0984345227862,"4"
"711",133.897015790767,228,4,2,"B",19.0984345227862,"4"
"712",131.74611770871,230,4,2,"B",19.0984345227862,"4"
"713",130.130974124112,232,4,2,"B",19.0984345227862,"4"
"714",129.064266670442,234,4,2,"B",19.0984345227862,"4"
"715",128.551710357766,236,4,2,"B",19.0984345227862,"4"
"716",128.592128809331,238,4,2,"B",19.0984345227862,"4"
"717",129.17754779318,240,4,2,"B",19.0984345227862,"4"
"718",130.293379468651,242,4,2,"B",19.0984345227862,"4"
"719",131.91876655624,244,4,2,"B",19.0984345227862,"4"
"720",134.027002691676,246,4,2,"B",19.0984345227862,"4"
"721",136.586069538874,248,4,2,"B",19.0984345227862,"4"
"722",139.559273341629,250,4,2,"B",19.0984345227862,"4"
"723",142.905820998731,252,4,2,"B",19.0984345227862,"4"
"724",146.581503123408,254,4,2,"B",19.0984345227862,"4"
"725",150.53939268368,256,4,2,"B",19.0984345227862,"4"
"726",154.730554495836,258,4,2,"B",19.0984345227862,"4"
"727",159.104812242406,260,4,2,"B",19.0984345227862,"4"
"728",163.611487058328,262,4,2,"B",19.0984345227862,"4"
"729",168.200127099565,264,4,2,"B",19.0984345227862,"4"
"730",172.82120859674,266,4,2,"B",19.0984345227862,"4"
"731",177.426818203081,268,4,2,"B",19.0984345227862,"4"
"732",181.971243689848,270,4,2,"B",19.0984345227862,"4"
"733",186.411515198527,272,4,2,"B",19.0984345227862,"4"
"734",190.707947539424,274,4,2,"B",19.0984345227862,"4"
"735",194.824561507954,276,4,2,"B",19.0984345227862,"4"
"736",198.729430318504,278,4,2,"B",19.0984345227862,"4"
"737",202.394957400364,280,4,2,"B",19.0984345227862,"4"
"738",205.798046668116,282,4,2,"B",19.0984345227862,"4"
"739",208.92025061824,284,4,2,"B",19.0984345227862,"4"
"740",211.747815365731,286,4,2,"B",19.0984345227862,"4"
"741",214.271668012926,288,4,2,"B",19.0984345227862,"4"
"742",216.48737741068,290,4,2,"B",19.0984345227862,"4"
"743",218.394871678813,292,4,2,"B",19.0984345227862,"4"
"744",219.998138989318,294,4,2,"B",19.0984345227862,"4"
"745",221.30502728099,296,4,2,"B",19.0984345227862,"4"
"746",222.326884181184,298,4,2,"B",19.0984345227862,"4"
"747",223.078151992383,300,4,2,"B",19.0984345227862,"4"
"748",223.575959118874,302,4,2,"B",19.0984345227862,"4"
"749",223.839669406799,304,4,2,"B",19.0984345227862,"4"
"750",223.890418179772,306,4,2,"B",19.0984345227862,"4"
"751",223.750617861034,308,4,2,"B",19.0984345227862,"4"
"752",223.443485625133,310,4,2,"B",19.0984345227862,"4"
"753",222.992588924076,312,4,2,"B",19.0984345227862,"4"
"754",222.421407624441,314,4,2,"B",19.0984345227862,"4"
"755",221.752924552313,316,4,2,"B",19.0984345227862,"4"
"756",221.009231026227,318,4,2,"B",19.0984345227862,"4"
"757",220.211193344372,320,4,2,"B",19.0984345227862,"4"
"758",219.378170991263,322,4,2,"B",19.0984345227862,"4"
"759",218.527747714167,324,4,2,"B",19.0984345227862,"4"
"760",217.675539999592,326,4,2,"B",19.0984345227862,"4"
"761",216.835051640122,328,4,2,"B",19.0984345227862,"4"
"762",216.017551215374,330,4,2,"B",19.0984345227862,"4"
"763",215.232046917325,332,4,2,"B",19.0984345227862,"4"
"764",214.485300631732,334,4,2,"B",19.0984345227862,"4"
"765",213.781866646563,336,4,2,"B",19.0984345227862,"4"
"766",213.124180606236,338,4,2,"B",19.0984345227862,"4"
"767",212.512690127863,340,4,2,"B",19.0984345227862,"4"
"768",211.946018048177,342,4,2,"B",19.0984345227862,"4"
"769",211.421168105745,344,4,2,"B",19.0984345227862,"4"
"770",210.933740597653,346,4,2,"B",19.0984345227862,"4"
"771",210.47816966471,348,4,2,"B",19.0984345227862,"4"
"772",210.047989219994,350,4,2,"B",19.0984345227862,"4"
"773",209.636093235303,352,4,2,"B",19.0984345227862,"4"
"774",209.234988393521,354,4,2,"B",19.0984345227862,"4"
"775",208.837049939618,356,4,2,"B",19.0984345227862,"4"
"776",208.434760639576,358,4,2,"B",19.0984345227862,"4"
"777",208.020934650124,360,4,2,"B",19.0984345227862,"4"
"778",207.588921133273,362,4,2,"B",19.0984345227862,"4"
"779",207.132779463123,364,4,2,"B",19.0984345227862,"4"
"780",206.647433145484,366,4,2,"B",19.0984345227862,"4"
"781",206.128775687329,368,4,2,"B",19.0984345227862,"4"
"782",205.573740546139,370,4,2,"B",19.0984345227862,"4"
"783",204.980349627807,372,4,2,"B",19.0984345227862,"4"
"784",204.347733260165,374,4,2,"B",19.0984345227862,"4"
"785",203.676093371366,376,4,2,"B",19.0984345227862,"4"
"786",202.966640698384,378,4,2,"B",19.0984345227862,"4"
"787",202.221513545721,380,4,2,"B",19.0984345227862,"4"
"788",201.443654022163,382,4,2,"B",19.0984345227862,"4"
"789",200.636656396758,384,4,2,"B",19.0984345227862,"4"
"790",199.804596674818,386,4,2,"B",19.0984345227862,"4"
"791",198.951839530309,388,4,2,"B",19.0984345227862,"4"
"792",198.082831344918,390,4,2,"B",19.0984345227862,"4"
"793",197.201887032567,392,4,2,"B",19.0984345227862,"4"
"794",196.312966716471,394,4,2,"B",19.0984345227862,"4"
"795",195.419454436315,396,4,2,"B",19.0984345227862,"4"
"796",194.523939451285,398,4,2,"B",19.0984345227862,"4"
"797",213.403943339906,2,5,3,"E",25.1816935720809,"5"
"798",208.817311325459,4,5,3,"E",25.1816935720809,"5"
"799",204.239013819098,6,5,3,"E",25.1816935720809,"5"
"800",199.680651463786,8,5,3,"E",25.1816935720809,"5"
"801",195.157938727443,10,5,3,"E",25.1816935720809,"5"
"802",190.689895711037,12,5,3,"E",25.1816935720809,"5"
"803",186.298048719625,14,5,3,"E",25.1816935720809,"5"
"804",182.005614637746,16,5,3,"E",25.1816935720809,"5"
"805",177.836738564509,18,5,3,"E",25.1816935720809,"5"
"806",173.815794348032,20,5,3,"E",25.1816935720809,"5"
"807",169.966697342538,22,5,3,"E",25.1816935720809,"5"
"808",166.312280052121,24,5,3,"E",25.1816935720809,"5"
"809",162.873714139452,26,5,3,"E",25.1816935720809,"5"
"810",159.669971561716,28,5,3,"E",25.1816935720809,"5"
"811",156.717418704866,30,5,3,"E",25.1816935720809,"5"
"812",154.02943955684,32,5,3,"E",25.1816935720809,"5"
"813",151.616119201225,34,5,3,"E",25.1816935720809,"5"
"814",149.484028705548,36,5,3,"E",25.1816935720809,"5"
"815",147.636093513517,38,5,3,"E",25.1816935720809,"5"
"816",146.071542451952,40,5,3,"E",25.1816935720809,"5"
"817",144.785925773084,42,5,3,"E",25.1816935720809,"5"
"818",143.771213826415,44,5,3,"E",25.1816935720809,"5"
"819",143.015981828255,46,5,3,"E",25.1816935720809,"5"
"820",142.505611457911,48,5,3,"E",25.1816935720809,"5"
"821",142.222553688607,50,5,3,"E",25.1816935720809,"5"
"822",142.146628939671,52,5,3,"E",25.1816935720809,"5"
"823",142.2554215866,54,5,3,"E",25.1816935720809,"5"
"824",142.524695130237,56,5,3,"E",25.1816935720809,"5"
"825",142.928794023413,58,5,3,"E",25.1816935720809,"5"
"826",143.441085481891,60,5,3,"E",25.1816935720809,"5"
"827",144.03441698681,62,5,3,"E",25.1816935720809,"5"
"828",144.681581186633,64,5,3,"E",25.1816935720809,"5"
"829",145.355775699268,66,5,3,"E",25.1816935720809,"5"
"830",146.03106144036,68,5,3,"E",25.1816935720809,"5"
"831",146.682809318081,70,5,3,"E",25.1816935720809,"5"
"832",147.288119636609,72,5,3,"E",25.1816935720809,"5"
"833",147.826215041998,74,5,3,"E",25.1816935720809,"5"
"834",148.27880631644,76,5,3,"E",25.1816935720809,"5"
"835",148.630369190556,78,5,3,"E",25.1816935720809,"5"
"836",148.868366302865,80,5,3,"E",25.1816935720809,"5"
"837",148.983484259607,82,5,3,"E",25.1816935720809,"5"
"838",148.969782522601,84,5,3,"E",25.1816935720809,"5"
"839",148.824743583527,86,5,3,"E",25.1816935720809,"5"
"840",148.549304399651,88,5,3,"E",25.1816935720809,"5"
"841",148.147848772083,90,5,3,"E",25.1816935720809,"5"
"842",147.628083722497,92,5,3,"E",25.1816935720809,"5"
"843",147.000865684565,94,5,3,"E",25.1816935720809,"5"
"844",146.279998289819,96,5,3,"E",25.1816935720809,"5"
"845",145.481949249519,98,5,3,"E",25.1816935720809,"5"
"846",144.625504033914,100,5,3,"E",25.1816935720809,"5"
"847",143.731394393702,102,5,3,"E",25.1816935720809,"5"
"848",142.821890127548,104,5,3,"E",25.1816935720809,"5"
"849",141.920351084722,106,5,3,"E",25.1816935720809,"5"
"850",141.050766023167,108,5,3,"E",25.1816935720809,"5"
"851",140.237286514101,110,5,3,"E",25.1816935720809,"5"
"852",139.503760216373,112,5,3,"E",25.1816935720809,"5"
"853",138.873280851062,114,5,3,"E",25.1816935720809,"5"
"854",138.367762620716,116,5,3,"E",25.1816935720809,"5"
"855",138.007541253165,118,5,3,"E",25.1816935720809,"5"
"856",137.810974580654,120,5,3,"E",25.1816935720809,"5"
"857",137.794112272243,122,5,3,"E",25.1816935720809,"5"
"858",137.970397064428,124,5,3,"E",25.1816935720809,"5"
"859",138.350366153027,126,5,3,"E",25.1816935720809,"5"
"860",138.941436870599,128,5,3,"E",25.1816935720809,"5"
"861",139.747749483204,130,5,3,"E",25.1816935720809,"5"
"862",140.770062292613,132,5,3,"E",25.1816935720809,"5"
"863",142.005674002977,134,5,3,"E",25.1816935720809,"5"
"864",143.448429645776,136,5,3,"E",25.1816935720809,"5"
"865",145.088772645707,138,5,3,"E",25.1816935720809,"5"
"866",146.913848412621,140,5,3,"E",25.1816935720809,"5"
"867",148.907678636685,142,5,3,"E",25.1816935720809,"5"
"868",151.051402802194,144,5,3,"E",25.1816935720809,"5"
"869",153.323527803201,146,5,3,"E",25.1816935720809,"5"
"870",155.70025452705,148,5,3,"E",25.1816935720809,"5"
"871",158.155834083684,150,5,3,"E",25.1816935720809,"5"
"872",160.66294530521,152,5,3,"E",25.1816935720809,"5"
"873",163.193097853208,154,5,3,"E",25.1816935720809,"5"
"874",165.717062196234,156,5,3,"E",25.1816935720809,"5"
"875",168.205325361542,158,5,3,"E",25.1816935720809,"5"
"876",170.628547928964,160,5,3,"E",25.1816935720809,"5"
"877",172.958019736455,162,5,3,"E",25.1816935720809,"5"
"878",175.166100627358,164,5,3,"E",25.1816935720809,"5"
"879",177.226646238409,166,5,3,"E",25.1816935720809,"5"
"880",179.115446286801,168,5,3,"E",25.1816935720809,"5"
"881",180.810611587288,170,5,3,"E",25.1816935720809,"5"
"882",182.292936227843,172,5,3,"E",25.1816935720809,"5"
"883",183.546188160736,174,5,3,"E",25.1816935720809,"5"
"884",184.557374186962,176,5,3,"E",25.1816935720809,"5"
"885",185.316889659436,178,5,3,"E",25.1816935720809,"5"
"886",185.81867192964,180,5,3,"E",25.1816935720809,"5"
"887",186.060307702282,182,5,3,"E",25.1816935720809,"5"
"888",186.043077553167,184,5,3,"E",25.1816935720809,"5"
"889",185.771935174644,186,5,3,"E",25.1816935720809,"5"
"890",185.255424135362,188,5,3,"E",25.1816935720809,"5"
"891",184.505551874746,190,5,3,"E",25.1816935720809,"5"
"892",183.537637507358,192,5,3,"E",25.1816935720809,"5"
"893",182.37013238792,194,5,3,"E",25.1816935720809,"5"
"894",181.024300580697,196,5,3,"E",25.1816935720809,"5"
"895",179.523851496752,198,5,3,"E",25.1816935720809,"5"
"896",177.894552520256,200,5,3,"E",25.1816935720809,"5"
"897",176.163784387098,202,5,3,"E",25.1816935720809,"5"
"898",174.360105370728,204,5,3,"E",25.1816935720809,"5"
"899",172.512789243233,206,5,3,"E",25.1816935720809,"5"
"900",170.651346435738,208,5,3,"E",25.1816935720809,"5"
"901",168.805054500786,210,5,3,"E",25.1816935720809,"5"
"902",167.002488324126,212,5,3,"E",25.1816935720809,"5"
"903",165.271076641429,214,5,3,"E",25.1816935720809,"5"
"904",163.636680369682,216,5,3,"E",25.1816935720809,"5"
"905",162.123169121667,218,5,3,"E",25.1816935720809,"5"
"906",160.752075782495,220,5,3,"E",25.1816935720809,"5"
"907",159.542276324304,222,5,3,"E",25.1816935720809,"5"
"908",158.509699217438,224,5,3,"E",25.1816935720809,"5"
"909",157.667145524857,226,5,3,"E",25.1816935720809,"5"
"910",157.024134374058,228,5,3,"E",25.1816935720809,"5"
"911",156.586757135486,230,5,3,"E",25.1816935720809,"5"
"912",156.357706000742,232,5,3,"E",25.1816935720809,"5"
"913",156.336313406123,234,5,3,"E",25.1816935720809,"5"
"914",156.518617962908,236,5,3,"E",25.1816935720809,"5"
"915",156.89750946964,238,5,3,"E",25.1816935720809,"5"
"916",157.462920043769,240,5,3,"E",25.1816935720809,"5"
"917",158.202052204172,242,5,3,"E",25.1816935720809,"5"
"918",159.099636768833,244,5,3,"E",25.1816935720809,"5"
"919",160.138252790788,246,5,3,"E",25.1816935720809,"5"
"920",161.298653103797,248,5,3,"E",25.1816935720809,"5"
"921",162.560120766011,250,5,3,"E",25.1816935720809,"5"
"922",163.900852967155,252,5,3,"E",25.1816935720809,"5"
"923",165.298355129692,254,5,3,"E",25.1816935720809,"5"
"924",166.729829887048,256,5,3,"E",25.1816935720809,"5"
"925",168.172564591084,258,5,3,"E",25.1816935720809,"5"
"926",169.604312425886,260,5,3,"E",25.1816935720809,"5"
"927",171.0036565813,262,5,3,"E",25.1816935720809,"5"
"928",172.3503499277,264,5,3,"E",25.1816935720809,"5"
"929",173.625634630095,266,5,3,"E",25.1816935720809,"5"
"930",174.812526183095,268,5,3,"E",25.1816935720809,"5"
"931",175.896058173001,270,5,3,"E",25.1816935720809,"5"
"932",176.863513651164,272,5,3,"E",25.1816935720809,"5"
"933",177.704614254825,274,5,3,"E",25.1816935720809,"5"
"934",178.411618539887,276,5,3,"E",25.1816935720809,"5"
"935",178.979403923722,278,5,3,"E",25.1816935720809,"5"
"936",179.405503103816,280,5,3,"E",25.1816935720809,"5"
"937",179.690105398581,282,5,3,"E",25.1816935720809,"5"
"938",179.835968505705,284,5,3,"E",25.1816935720809,"5"
"939",179.848307971195,286,5,3,"E",25.1816935720809,"5"
"940",179.73465727026,288,5,3,"E",25.1816935720809,"5"
"941",179.504671431689,290,5,3,"E",25.1816935720809,"5"
"942",179.169896951904,292,5,3,"E",25.1816935720809,"5"
"943",178.743511014548,294,5,3,"E",25.1816935720809,"5"
"944",178.24002232769,296,5,3,"E",25.1816935720809,"5"
"945",177.674961817825,298,5,3,"E",25.1816935720809,"5"
"946",177.064568973057,300,5,3,"E",25.1816935720809,"5"
"947",176.425461625138,302,5,3,"E",25.1816935720809,"5"
"948",175.774300933772,304,5,3,"E",25.1816935720809,"5"
"949",175.127457536024,306,5,3,"E",25.1816935720809,"5"
"950",174.500689083757,308,5,3,"E",25.1816935720809,"5"
"951",173.908831028642,310,5,3,"E",25.1816935720809,"5"
"952",173.365513920397,312,5,3,"E",25.1816935720809,"5"
"953",172.882913104127,314,5,3,"E",25.1816935720809,"5"
"954",172.471531680168,316,5,3,"E",25.1816935720809,"5"
"955",172.139983500757,318,5,3,"E",25.1816935720809,"5"
"956",171.894851858583,320,5,3,"E",25.1816935720809,"5"
"957",171.740613213655,322,5,3,"E",25.1816935720809,"5"
"958",171.679570931261,324,5,3,"E",25.1816935720809,"5"
"959",171.711827997688,326,5,3,"E",25.1816935720809,"5"
"960",171.835310096078,328,5,3,"E",25.1816935720809,"5"
"961",172.045806498049,330,5,3,"E",25.1816935720809,"5"
"962",172.337053646516,332,5,3,"E",25.1816935720809,"5"
"963",172.700892217692,334,5,3,"E",25.1816935720809,"5"
"964",173.127444500405,336,5,3,"E",25.1816935720809,"5"
"965",173.605326321882,338,5,3,"E",25.1816935720809,"5"
"966",174.12187727728,340,5,3,"E",25.1816935720809,"5"
"967",174.66342090795,342,5,3,"E",25.1816935720809,"5"
"968",175.215546097142,344,5,3,"E",25.1816935720809,"5"
"969",175.763400773178,346,5,3,"E",25.1816935720809,"5"
"970",176.2919928667,348,5,3,"E",25.1816935720809,"5"
"971",176.786486213019,350,5,3,"E",25.1816935720809,"5"
"972",177.232491257704,352,5,3,"E",25.1816935720809,"5"
"973",177.616344858141,354,5,3,"E",25.1816935720809,"5"
"974",177.925376446866,356,5,3,"E",25.1816935720809,"5"
"975",178.148146485429,358,5,3,"E",25.1816935720809,"5"
"976",178.274667578441,360,5,3,"E",25.1816935720809,"5"
"977",178.296600305338,362,5,3,"E",25.1816935720809,"5"
"978",178.207403732924,364,5,3,"E",25.1816935720809,"5"
"979",178.002444172869,366,5,3,"E",25.1816935720809,"5"
"980",177.679064810542,368,5,3,"E",25.1816935720809,"5"
"981",177.236626023865,370,5,3,"E",25.1816935720809,"5"
"982",176.676485311825,372,5,3,"E",25.1816935720809,"5"
"983",176.001909705173,374,5,3,"E",25.1816935720809,"5"
"984",175.217967935726,376,5,3,"E",25.1816935720809,"5"
"985",174.331378881264,378,5,3,"E",25.1816935720809,"5"
"986",173.350296527761,380,5,3,"E",25.1816935720809,"5"
"987",172.284077556341,382,5,3,"E",25.1816935720809,"5"
"988",171.14301250778,384,5,3,"E",25.1816935720809,"5"
"989",169.938011848072,386,5,3,"E",25.1816935720809,"5"
"990",168.680259412239,388,5,3,"E",25.1816935720809,"5"
"991",167.380840791825,390,5,3,"E",25.1816935720809,"5"
"992",166.050350454215,392,5,3,"E",25.1816935720809,"5"
"993",164.698479857177,394,5,3,"E",25.1816935720809,"5"
"994",163.333583392452,396,5,3,"E",25.1816935720809,"5"
"995",161.962255226453,398,5,3,"E",25.1816935720809,"5"
"996",220.342266519084,2,6,3,"E",31.3085784454595,"6"
"997",215.637550576957,4,6,3,"E",31.3085784454595,"6"
"998",210.94327395872,6,6,3,"E",31.3085784454595,"6"
"999",206.269201220564,8,6,3,"E",31.3085784454595,"6"
"1000",201.627540906088,10,6,3,"E",31.3085784454595,"6"
"1001",197.032399673086,12,6,3,"E",31.3085784454595,"6"
"1002",192.499258432749,14,6,3,"E",31.3085784454595,"6"
"1003",188.044454442495,16,6,3,"E",31.3085784454595,"6"
"1004",183.684698100468,18,6,3,"E",31.3085784454595,"6"
"1005",179.436619933556,20,6,3,"E",31.3085784454595,"6"
"1006",175.316340002274,22,6,3,"E",31.3085784454595,"6"
"1007",171.339071665506,24,6,3,"E",31.3085784454595,"6"
"1008",167.518766887801,26,6,3,"E",31.3085784454595,"6"
"1009",163.867808938301,28,6,3,"E",31.3085784454595,"6"
"1010",160.396740438409,30,6,3,"E",31.3085784454595,"6"
"1011",157.114079886876,32,6,3,"E",31.3085784454595,"6"
"1012",154.026158969795,34,6,3,"E",31.3085784454595,"6"
"1013",151.137027081552,36,6,3,"E",31.3085784454595,"6"
"1014",148.448432334264,38,6,3,"E",31.3085784454595,"6"
"1015",145.959802613847,40,6,3,"E",31.3085784454595,"6"
"1016",143.66830244772,42,6,3,"E",31.3085784454595,"6"
"1017",141.568954160858,44,6,3,"E",31.3085784454595,"6"
"1018",139.654780143467,46,6,3,"E",31.3085784454595,"6"
"1019",137.916994608057,48,6,3,"E",31.3085784454595,"6"
"1020",136.34520234441,50,6,3,"E",31.3085784454595,"6"
"1021",134.927625302807,52,6,3,"E",31.3085784454595,"6"
"1022",133.651389281876,54,6,3,"E",31.3085784454595,"6"
"1023",132.502813108331,56,6,3,"E",31.3085784454595,"6"
"1024",131.467688304569,58,6,3,"E",31.3085784454595,"6"
"1025",130.53157492592,60,6,3,"E",31.3085784454595,"6"
"1026",129.680101473937,62,6,3,"E",31.3085784454595,"6"
"1027",128.899254204954,64,6,3,"E",31.3085784454595,"6"
"1028",128.175671069367,66,6,3,"E",31.3085784454595,"6"
"1029",127.496927276883,68,6,3,"E",31.3085784454595,"6"
"1030",126.851782531878,70,6,3,"E",31.3085784454595,"6"
"1031",126.230417864407,72,6,3,"E",31.3085784454595,"6"
"1032",125.62466016262,74,6,3,"E",31.3085784454595,"6"
"1033",125.028153484417,76,6,3,"E",31.3085784454595,"6"
"1034",124.436477472221,78,6,3,"E",31.3085784454595,"6"
"1035",123.847235382382,80,6,3,"E",31.3085784454595,"6"
"1036",123.260111625657,82,6,3,"E",31.3085784454595,"6"
"1037",122.676898578329,84,6,3,"E",31.3085784454595,"6"
"1038",122.101481643429,86,6,3,"E",31.3085784454595,"6"
"1039",121.539764591597,88,6,3,"E",31.3085784454595,"6"
"1040",120.999541851359,90,6,3,"E",31.3085784454595,"6"
"1041",120.490360229338,92,6,3,"E",31.3085784454595,"6"
"1042",120.023339986741,94,6,3,"E",31.3085784454595,"6"
"1043",119.610927795155,96,6,3,"E",31.3085784454595,"6"
"1044",119.266647246164,98,6,3,"E",31.3085784454595,"6"
"1045",119.004820034796,100,6,3,"E",31.3085784454595,"6"
"1046",118.840254673973,102,6,3,"E",31.3085784454595,"6"
"1047",118.787924706821,104,6,3,"E",31.3085784454595,"6"
"1048",118.862641056331,106,6,3,"E",31.3085784454595,"6"
"1049",119.078727411161,108,6,3,"E",31.3085784454595,"6"
"1050",119.449700858769,110,6,3,"E",31.3085784454595,"6"
"1051",119.98795794352,112,6,3,"E",31.3085784454595,"6"
"1052",120.704490560944,114,6,3,"E",31.3085784454595,"6"
"1053",121.608607315446,116,6,3,"E",31.3085784454595,"6"
"1054",122.707648610024,118,6,3,"E",31.3085784454595,"6"
"1055",124.006698816108,120,6,3,"E",31.3085784454595,"6"
"1056",125.508380506674,122,6,3,"E",31.3085784454595,"6"
"1057",127.212709060957,124,6,3,"E",31.3085784454595,"6"
"1058",129.116960258435,126,6,3,"E",31.3085784454595,"6"
"1059",131.215599760958,128,6,3,"E",31.3085784454595,"6"
"1060",133.500267863855,130,6,3,"E",31.3085784454595,"6"
"1061",135.959808181501,132,6,3,"E",31.3085784454595,"6"
"1062",138.580316813074,134,6,3,"E",31.3085784454595,"6"
"1063",141.345269318391,136,6,3,"E",31.3085784454595,"6"
"1064",144.235656059158,138,6,3,"E",31.3085784454595,"6"
"1065",147.23023915526,140,6,3,"E",31.3085784454595,"6"
"1066",150.305816213058,142,6,3,"E",31.3085784454595,"6"
"1067",153.437482185939,144,6,3,"E",31.3085784454595,"6"
"1068",156.598904747705,146,6,3,"E",31.3085784454595,"6"
"1069",159.762640136284,148,6,3,"E",31.3085784454595,"6"
"1070",162.900485936948,150,6,3,"E",31.3085784454595,"6"
"1071",165.983846486508,152,6,3,"E",31.3085784454595,"6"
"1072",168.984104700793,154,6,3,"E",31.3085784454595,"6"
"1073",171.873005626765,156,6,3,"E",31.3085784454595,"6"
"1074",174.62303626734,158,6,3,"E",31.3085784454595,"6"
"1075",177.207793630688,160,6,3,"E",31.3085784454595,"6"
"1076",179.602352090535,162,6,3,"E",31.3085784454595,"6"
"1077",181.783637921128,164,6,3,"E",31.3085784454595,"6"
"1078",183.730766840476,166,6,3,"E",31.3085784454595,"6"
"1079",185.425351247796,168,6,3,"E",31.3085784454595,"6"
"1080",186.851776087755,170,6,3,"E",31.3085784454595,"6"
"1081",187.997410235749,172,6,3,"E",31.3085784454595,"6"
"1082",188.852743305759,174,6,3,"E",31.3085784454595,"6"
"1083",189.411560794173,176,6,3,"E",31.3085784454595,"6"
"1084",189.671030478333,178,6,3,"E",31.3085784454595,"6"
"1085",189.631742143498,180,6,3,"E",31.3085784454595,"6"
"1086",189.297754417736,182,6,3,"E",31.3085784454595,"6"
"1087",188.676570642248,184,6,3,"E",31.3085784454595,"6"
"1088",187.77903838179,186,6,3,"E",31.3085784454595,"6"
"1089",186.619199925685,188,6,3,"E",31.3085784454595,"6"
"1090",185.214175186244,190,6,3,"E",31.3085784454595,"6"
"1091",183.583988328625,192,6,3,"E",31.3085784454595,"6"
"1092",181.751232568421,194,6,3,"E",31.3085784454595,"6"
"1093",179.740729928962,196,6,3,"E",31.3085784454595,"6"
"1094",177.579178318769,198,6,3,"E",31.3085784454595,"6"
"1095",175.294787878097,200,6,3,"E",31.3085784454595,"6"
"1096",172.916892952136,202,6,3,"E",31.3085784454595,"6"
"1097",170.475539143958,204,6,3,"E",31.3085784454595,"6"
"1098",168.001061409025,206,6,3,"E",31.3085784454595,"6"
"1099",165.523666084698,208,6,3,"E",31.3085784454595,"6"
"1100",163.073016829121,210,6,3,"E",31.3085784454595,"6"
"1101",160.677847743445,212,6,3,"E",31.3085784454595,"6"
"1102",158.365568915445,214,6,3,"E",31.3085784454595,"6"
"1103",156.16188929963,216,6,3,"E",31.3085784454595,"6"
"1104",154.090492390079,218,6,3,"E",31.3085784454595,"6"
"1105",152.172747352355,220,6,3,"E",31.3085784454595,"6"
"1106",150.427479842155,222,6,3,"E",31.3085784454595,"6"
"1107",148.870734679959,224,6,3,"E",31.3085784454595,"6"
"1108",147.515614551235,226,6,3,"E",31.3085784454595,"6"
"1109",146.372225023273,228,6,3,"E",31.3085784454595,"6"
"1110",145.447644041922,230,6,3,"E",31.3085784454595,"6"
"1111",144.745905098773,232,6,3,"E",31.3085784454595,"6"
"1112",144.268062588597,234,6,3,"E",31.3085784454595,"6"
"1113",144.012256741775,236,6,3,"E",31.3085784454595,"6"
"1114",143.973836046956,238,6,3,"E",31.3085784454595,"6"
"1115",144.145530582293,240,6,3,"E",31.3085784454595,"6"
"1116",144.517634000004,242,6,3,"E",31.3085784454595,"6"
"1117",145.078245547972,244,6,3,"E",31.3085784454595,"6"
"1118",145.813518833419,246,6,3,"E",31.3085784454595,"6"
"1119",146.707927580445,248,6,3,"E",31.3085784454595,"6"
"1120",147.744550960827,250,6,3,"E",31.3085784454595,"6"
"1121",148.905394614784,252,6,3,"E",31.3085784454595,"6"
"1122",150.171706913091,254,6,3,"E",31.3085784454595,"6"
"1123",151.524296375661,256,6,3,"E",31.3085784454595,"6"
"1124",152.943840191804,258,6,3,"E",31.3085784454595,"6"
"1125",154.411192683675,260,6,3,"E",31.3085784454595,"6"
"1126",155.907678087807,262,6,3,"E",31.3085784454595,"6"
"1127",157.415360004989,264,6,3,"E",31.3085784454595,"6"
"1128",158.91730198438,266,6,3,"E",31.3085784454595,"6"
"1129",160.397814704974,268,6,3,"E",31.3085784454595,"6"
"1130",161.842653009681,270,6,3,"E",31.3085784454595,"6"
"1131",163.23919543435,272,6,3,"E",31.3085784454595,"6"
"1132",164.576568456348,274,6,3,"E",31.3085784454595,"6"
"1133",165.845755602494,276,6,3,"E",31.3085784454595,"6"
"1134",167.039676772281,278,6,3,"E",31.3085784454595,"6"
"1135",168.153226879085,280,6,3,"E",31.3085784454595,"6"
"1136",169.183279670775,282,6,3,"E",31.3085784454595,"6"
"1137",170.128627109552,284,6,3,"E",31.3085784454595,"6"
"1138",170.989896965037,286,6,3,"E",31.3085784454595,"6"
"1139",171.76945133065,288,6,3,"E",31.3085784454595,"6"
"1140",172.471274834801,290,6,3,"E",31.3085784454595,"6"
"1141",173.1007917434,292,6,3,"E",31.3085784454595,"6"
"1142",173.664672311007,294,6,3,"E",31.3085784454595,"6"
"1143",174.1706389615,296,6,3,"E",31.3085784454595,"6"
"1144",174.627241879303,298,6,3,"E",31.3085784454595,"6"
"1145",175.043624285235,300,6,3,"E",31.3085784454595,"6"
"1146",175.429290439795,302,6,3,"E",31.3085784454595,"6"
"1147",175.793866436467,304,6,3,"E",31.3085784454595,"6"
"1148",176.146864953319,306,6,3,"E",31.3085784454595,"6"
"1149",176.497458963883,308,6,3,"E",31.3085784454595,"6"
"1150",176.85425617315,310,6,3,"E",31.3085784454595,"6"
"1151",177.22510256212,312,6,3,"E",31.3085784454595,"6"
"1152",177.616919514759,314,6,3,"E",31.3085784454595,"6"
"1153",178.035531927627,316,6,3,"E",31.3085784454595,"6"
"1154",178.485527912453,318,6,3,"E",31.3085784454595,"6"
"1155",178.970163827649,320,6,3,"E",31.3085784454595,"6"
"1156",179.491293170174,322,6,3,"E",31.3085784454595,"6"
"1157",180.049329055513,324,6,3,"E",31.3085784454595,"6"
"1158",180.643224079619,326,6,3,"E",31.3085784454595,"6"
"1159",181.270493152137,328,6,3,"E",31.3085784454595,"6"
"1160",181.927255123833,330,6,3,"E",31.3085784454595,"6"
"1161",182.608318926181,332,6,3,"E",31.3085784454595,"6"
"1162",183.307294451014,334,6,3,"E",31.3085784454595,"6"
"1163",184.016719734415,336,6,3,"E",31.3085784454595,"6"
"1164",184.728212982754,338,6,3,"E",31.3085784454595,"6"
"1165",185.432652551489,340,6,3,"E",31.3085784454595,"6"
"1166",186.120362778531,342,6,3,"E",31.3085784454595,"6"
"1167",186.781311721251,344,6,3,"E",31.3085784454595,"6"
"1168",187.405318837487,346,6,3,"E",31.3085784454595,"6"
"1169",187.982265744353,348,6,3,"E",31.3085784454595,"6"
"1170",188.502305032246,350,6,3,"E",31.3085784454595,"6"
"1171",188.956063999121,352,6,3,"E",31.3085784454595,"6"
"1172",189.334842822133,354,6,3,"E",31.3085784454595,"6"
"1173",189.630788943809,356,6,3,"E",31.3085784454595,"6"
"1174",189.837064838284,358,6,3,"E",31.3085784454595,"6"
"1175",189.948004543099,360,6,3,"E",31.3085784454595,"6"
"1176",189.959232697266,362,6,3,"E",31.3085784454595,"6"
"1177",189.867761771681,364,6,3,"E",31.3085784454595,"6"
"1178",189.672053583025,366,6,3,"E",31.3085784454595,"6"
"1179",189.372038824912,368,6,3,"E",31.3085784454595,"6"
"1180",188.969116690204,370,6,3,"E",31.3085784454595,"6"
"1181",188.46612349321,372,6,3,"E",31.3085784454595,"6"
"1182",187.86726571993,374,6,3,"E",31.3085784454595,"6"
"1183",187.178031950963,376,6,3,"E",31.3085784454595,"6"
"1184",186.405060307533,378,6,3,"E",31.3085784454595,"6"
"1185",185.555960333863,380,6,3,"E",31.3085784454595,"6"
"1186",184.639122786229,382,6,3,"E",31.3085784454595,"6"
"1187",183.663497514472,384,6,3,"E",31.3085784454595,"6"
"1188",182.638341548358,386,6,3,"E",31.3085784454595,"6"
"1189",181.572947980027,388,6,3,"E",31.3085784454595,"6"
"1190",180.476356072594,390,6,3,"E",31.3085784454595,"6"
"1191",179.35704433832,392,6,3,"E",31.3085784454595,"6"
"1192",178.222603998973,394,6,3,"E",31.3085784454595,"6"
"1193",177.079409182651,396,6,3,"E",31.3085784454595,"6"
"1194",175.932283935433,398,6,3,"E",31.3085784454595,"6"
"1195",185.574708457918,2,7,4,"B",37.320366207733,"7"
"1196",184.677110470713,4,7,4,"B",37.320366207733,"7"
"1197",183.780567756005,6,7,4,"B",37.320366207733,"7"
"1198",182.886317760262,8,7,4,"B",37.320366207733,"7"
"1199",181.995916993788,10,7,4,"B",37.320366207733,"7"
"1200",181.111111628545,12,7,4,"B",37.320366207733,"7"
"1201",180.23371204386,14,7,4,"B",37.320366207733,"7"
"1202",179.365469428659,16,7,4,"B",37.320366207733,"7"
"1203",178.507958887172,18,7,4,"B",37.320366207733,"7"
"1204",177.662467682284,20,7,4,"B",37.320366207733,"7"
"1205",176.829897375732,22,7,4,"B",37.320366207733,"7"
"1206",176.010673162021,24,7,4,"B",37.320366207733,"7"
"1207",175.204662444448,26,7,4,"B",37.320366207733,"7"
"1208",174.411114350242,28,7,4,"B",37.320366207733,"7"
"1209",173.628620693405,30,7,4,"B",37.320366207733,"7"
"1210",172.855090974399,32,7,4,"B",37.320366207733,"7"
"1211",172.087752178363,34,7,4,"B",37.320366207733,"7"
"1212",171.323165932996,36,7,4,"B",37.320366207733,"7"
"1213",170.557268002326,38,7,4,"B",37.320366207733,"7"
"1214",169.785431355662,40,7,4,"B",37.320366207733,"7"
"1215",169.002548024171,42,7,4,"B",37.320366207733,"7"
"1216",168.203127673937,44,7,4,"B",37.320366207733,"7"
"1217",167.381417557182,46,7,4,"B",37.320366207733,"7"
"1218",166.531542718306,48,7,4,"B",37.320366207733,"7"
"1219",165.647658850899,50,7,4,"B",37.320366207733,"7"
"1220",164.724119481125,52,7,4,"B",37.320366207733,"7"
"1221",163.755646851219,54,7,4,"B",37.320366207733,"7"
"1222",162.737507478005,56,7,4,"B",37.320366207733,"7"
"1223",161.665696916654,58,7,4,"B",37.320366207733,"7"
"1224",160.537112851416,60,7,4,"B",37.320366207733,"7"
"1225",159.349715443093,62,7,4,"B",37.320366207733,"7"
"1226",158.102673601092,64,7,4,"B",37.320366207733,"7"
"1227",156.796486318768,66,7,4,"B",37.320366207733,"7"
"1228",155.433098951637,68,7,4,"B",37.320366207733,"7"
"1229",154.016005541886,70,7,4,"B",37.320366207733,"7"
"1230",152.550307671798,72,7,4,"B",37.320366207733,"7"
"1231",151.042747288739,74,7,4,"B",37.320366207733,"7"
"1232",149.501729406506,76,7,4,"B",37.320366207733,"7"
"1233",147.937287732626,78,7,4,"B",37.320366207733,"7"
"1234",146.361009967211,80,7,4,"B",37.320366207733,"7"
"1235",144.785964498205,82,7,4,"B",37.320366207733,"7"
"1236",143.226573697154,84,7,4,"B",37.320366207733,"7"
"1237",141.698445488035,86,7,4,"B",37.320366207733,"7"
"1238",140.218191241012,88,7,4,"B",37.320366207733,"7"
"1239",138.803219276078,90,7,4,"B",37.320366207733,"7"
"1240",137.471510412801,92,7,4,"B",37.320366207733,"7"
"1241",136.241376915759,94,7,4,"B",37.320366207733,"7"
"1242",135.131204492531,96,7,4,"B",37.320366207733,"7"
"1243",134.159176657671,98,7,4,"B",37.320366207733,"7"
"1244",133.342992653719,100,7,4,"B",37.320366207733,"7"
"1245",132.699574235314,102,7,4,"B",37.320366207733,"7"
"1246",132.244758368153,104,7,4,"B",37.320366207733,"7"
"1247",131.993000782151,106,7,4,"B",37.320366207733,"7"
"1248",131.957075562697,108,7,4,"B",37.320366207733,"7"
"1249",132.147778571257,110,7,4,"B",37.320366207733,"7"
"1250",132.573678843009,112,7,4,"B",37.320366207733,"7"
"1251",133.240863639162,114,7,4,"B",37.320366207733,"7"
"1252",134.152705047845,116,7,4,"B",37.320366207733,"7"
"1253",135.309696654674,118,7,4,"B",37.320366207733,"7"
"1254",136.709310267045,120,7,4,"B",37.320366207733,"7"
"1255",138.345912526033,122,7,4,"B",37.320366207733,"7"
"1256",140.210727974332,124,7,4,"B",37.320366207733,"7"
"1257",142.291827547235,126,7,4,"B",37.320366207733,"7"
"1258",144.574237930878,128,7,4,"B",37.320366207733,"7"
"1259",147.040058617117,130,7,4,"B",37.320366207733,"7"
"1260",149.668638846646,132,7,4,"B",37.320366207733,"7"
"1261",152.436801155008,134,7,4,"B",37.320366207733,"7"
"1262",155.319088076921,136,7,4,"B",37.320366207733,"7"
"1263",158.288087831584,138,7,4,"B",37.320366207733,"7"
"1264",161.314788586998,140,7,4,"B",37.320366207733,"7"
"1265",164.368978054841,142,7,4,"B",37.320366207733,"7"
"1266",167.419634451799,144,7,4,"B",37.320366207733,"7"
"1267",170.435356704914,146,7,4,"B",37.320366207733,"7"
"1268",173.384804057063,148,7,4,"B",37.320366207733,"7"
"1269",176.237146382676,150,7,4,"B",37.320366207733,"7"
"1270",178.9625107508,152,7,4,"B",37.320366207733,"7"
"1271",181.53242619202,154,7,4,"B",37.320366207733,"7"
"1272",183.920246474245,156,7,4,"B",37.320366207733,"7"
"1273",186.101546877438,158,7,4,"B",37.320366207733,"7"
"1274",188.054517467493,160,7,4,"B",37.320366207733,"7"
"1275",189.760246009306,162,7,4,"B",37.320366207733,"7"
"1276",191.203006934928,164,7,4,"B",37.320366207733,"7"
"1277",192.370577258929,166,7,4,"B",37.320366207733,"7"
"1278",193.254450650714,168,7,4,"B",37.320366207733,"7"
"1279",193.850045161068,170,7,4,"B",37.320366207733,"7"
"1280",194.156763508198,172,7,4,"B",37.320366207733,"7"
"1281",194.178037829967,174,7,4,"B",37.320366207733,"7"
"1282",193.921266427539,176,7,4,"B",37.320366207733,"7"
"1283",193.397732477421,178,7,4,"B",37.320366207733,"7"
"1284",192.622427485703,180,7,4,"B",37.320366207733,"7"
"1285",191.613795972667,182,7,4,"B",37.320366207733,"7"
"1286",190.393450290587,184,7,4,"B",37.320366207733,"7"
"1287",188.985791239933,186,7,4,"B",37.320366207733,"7"
"1288",187.417653471395,188,7,4,"B",37.320366207733,"7"
"1289",185.717923272391,190,7,4,"B",37.320366207733,"7"
"1290",183.917139303048,192,7,4,"B",37.320366207733,"7"
"1291",182.047057432167,194,7,4,"B",37.320366207733,"7"
"1292",180.140207170175,196,7,4,"B",37.320366207733,"7"
"1293",178.229442270221,198,7,4,"B",37.320366207733,"7"
"1294",176.347479762653,200,7,4,"B",37.320366207733,"7"
"1295",174.526444929167,202,7,4,"B",37.320366207733,"7"
"1296",172.797422609186,204,7,4,"B",37.320366207733,"7"
"1297",171.190020266083,206,7,4,"B",37.320366207733,"7"
"1298",169.731961500891,208,7,4,"B",37.320366207733,"7"
"1299",168.448712690526,210,7,4,"B",37.320366207733,"7"
"1300",167.363158775434,212,7,4,"B",37.320366207733,"7"
"1301",166.495294761054,214,7,4,"B",37.320366207733,"7"
"1302",165.861947713097,216,7,4,"B",37.320366207733,"7"
"1303",165.476572233544,218,7,4,"B",37.320366207733,"7"
"1304",165.349069395608,220,7,4,"B",37.320366207733,"7"
"1305",165.485653936251,222,7,4,"B",37.320366207733,"7"
"1306",165.888760530894,224,7,4,"B",37.320366207733,"7"
"1307",166.557043817895,226,7,4,"B",37.320366207733,"7"
"1308",167.485404022252,228,7,4,"B",37.320366207733,"7"
"1309",168.665044691182,230,7,4,"B",37.320366207733,"7"
"1310",170.083575022228,232,7,4,"B",37.320366207733,"7"
"1311",171.725243592713,234,7,4,"B",37.320366207733,"7"
"1312",173.571185108049,236,7,4,"B",37.320366207733,"7"
"1313",175.599721043252,238,7,4,"B",37.320366207733,"7"
"1314",177.786734262796,240,7,4,"B",37.320366207733,"7"
"1315",180.106051464554,242,7,4,"B",37.320366207733,"7"
"1316",182.529840053846,244,7,4,"B",37.320366207733,"7"
"1317",185.029046001723,246,7,4,"B",37.320366207733,"7"
"1318",187.57386108865,248,7,4,"B",37.320366207733,"7"
"1319",190.134201265574,250,7,4,"B",37.320366207733,"7"
"1320",192.680188583893,252,7,4,"B",37.320366207733,"7"
"1321",195.182624687145,254,7,4,"B",37.320366207733,"7"
"1322",197.613454296008,256,7,4,"B",37.320366207733,"7"
"1323",199.946185756044,258,7,4,"B",37.320366207733,"7"
"1324",202.1562813503,260,7,4,"B",37.320366207733,"7"
"1325",204.221514719188,262,7,4,"B",37.320366207733,"7"
"1326",206.122308621673,264,7,4,"B",37.320366207733,"7"
"1327",207.842043131956,266,7,4,"B",37.320366207733,"7"
"1328",209.367276463094,268,7,4,"B",37.320366207733,"7"
"1329",210.687878635332,270,7,4,"B",37.320366207733,"7"
"1330",211.797181345746,272,7,4,"B",37.320366207733,"7"
"1331",212.692041835468,274,7,4,"B",37.320366207733,"7"
"1332",213.372798237322,276,7,4,"B",37.320366207733,"7"
"1333",213.843221004784,278,7,4,"B",37.320366207733,"7"
"1334",214.110379481645,280,7,4,"B",37.320366207733,"7"
"1335",214.18441844274,282,7,4,"B",37.320366207733,"7"
"1336",214.078349634053,284,7,4,"B",37.320366207733,"7"
"1337",213.807766874101,286,7,4,"B",37.320366207733,"7"
"1338",213.390550797563,288,7,4,"B",37.320366207733,"7"
"1339",212.846527323365,290,7,4,"B",37.320366207733,"7"
"1340",212.197059217639,292,7,4,"B",37.320366207733,"7"
"1341",211.464644635786,294,7,4,"B",37.320366207733,"7"
"1342",210.672502136763,296,7,4,"B",37.320366207733,"7"
"1343",209.844127212934,298,7,4,"B",37.320366207733,"7"
"1344",209.002854329223,300,7,4,"B",37.320366207733,"7"
"1345",208.17140900294,302,7,4,"B",37.320366207733,"7"
"1346",207.371475308745,304,7,4,"B",37.320366207733,"7"
"1347",206.623280341073,306,7,4,"B",37.320366207733,"7"
"1348",205.945229006377,308,7,4,"B",37.320366207733,"7"
"1349",205.353558627587,310,7,4,"B",37.320366207733,"7"
"1350",204.862043294285,312,7,4,"B",37.320366207733,"7"
"1351",204.481769232054,314,7,4,"B",37.320366207733,"7"
"1352",204.220933963477,316,7,4,"B",37.320366207733,"7"
"1353",204.084676488363,318,7,4,"B",37.320366207733,"7"
"1354",204.075020366194,320,7,4,"B",37.320366207733,"7"
"1355",204.190847454426,322,7,4,"B",37.320366207733,"7"
"1356",204.42796565982,324,7,4,"B",37.320366207733,"7"
"1357",204.77917009476,326,7,4,"B",37.320366207733,"7"
"1358",205.234331645642,328,7,4,"B",37.320366207733,"7"
"1359",205.780609069414,330,7,4,"B",37.320366207733,"7"
"1360",206.402706715799,332,7,4,"B",37.320366207733,"7"
"1361",207.083137874828,334,7,4,"B",37.320366207733,"7"
"1362",207.802555895212,336,7,4,"B",37.320366207733,"7"
"1363",208.540106512292,338,7,4,"B",37.320366207733,"7"
"1364",209.273821483271,340,7,4,"B",37.320366207733,"7"
"1365",209.981028723995,342,7,4,"B",37.320366207733,"7"
"1366",210.638764581651,344,7,4,"B",37.320366207733,"7"
"1367",211.224204390388,346,7,4,"B",37.320366207733,"7"
"1368",211.715083954065,348,7,4,"B",37.320366207733,"7"
"1369",212.090116930706,350,7,4,"B",37.320366207733,"7"
"1370",212.329366698931,352,7,4,"B",37.320366207733,"7"
"1371",212.414614597796,354,7,4,"B",37.320366207733,"7"
"1372",212.329691947227,356,7,4,"B",37.320366207733,"7"
"1373",212.060760525704,358,7,4,"B",37.320366207733,"7"
"1374",211.596574967303,360,7,4,"B",37.320366207733,"7"
"1375",210.928657912931,362,7,4,"B",37.320366207733,"7"
"1376",210.051409688653,364,7,4,"B",37.320366207733,"7"
"1377",208.962210929485,366,7,4,"B",37.320366207733,"7"
"1378",207.661440306711,368,7,4,"B",37.320366207733,"7"
"1379",206.152431039746,370,7,4,"B",37.320366207733,"7"
"1380",204.441366202991,372,7,4,"B",37.320366207733,"7"
"1381",202.537141038112,374,7,4,"B",37.320366207733,"7"
"1382",200.451126071504,376,7,4,"B",37.320366207733,"7"
"1383",198.196892704674,378,7,4,"B",37.320366207733,"7"
"1384",195.789886733156,380,7,4,"B",37.320366207733,"7"
"1385",193.247014305102,382,7,4,"B",37.320366207733,"7"
"1386",190.586209579947,384,7,4,"B",37.320366207733,"7"
"1387",187.825960568077,386,7,4,"B",37.320366207733,"7"
"1388",184.984786047544,388,7,4,"B",37.320366207733,"7"
"1389",182.080687337426,390,7,4,"B",37.320366207733,"7"
"1390",179.130556346485,392,7,4,"B",37.320366207733,"7"
"1391",176.149554162977,394,7,4,"B",37.320366207733,"7"
"1392",173.150482521551,396,7,4,"B",37.320366207733,"7"
"1393",170.143122050036,398,7,4,"B",37.320366207733,"7"
"1394",219.357908547748,2,8,4,"B",43.4594654812367,"8"
"1395",217.316075642737,4,8,4,"B",43.4594654812367,"8"
"1396",215.27868450211,6,8,4,"B",43.4594654812367,"8"
"1397",213.250806727437,8,8,4,"B",43.4594654812367,"8"
"1398",211.238966021626,10,8,4,"B",43.4594654812367,"8"
"1399",209.250765467635,12,8,4,"B",43.4594654812367,"8"
"1400",207.294523564127,14,8,4,"B",43.4594654812367,"8"
"1401",205.378925028294,16,8,4,"B",43.4594654812367,"8"
"1402",203.512688261697,18,8,4,"B",43.4594654812367,"8"
"1403",201.704257750961,20,8,4,"B",43.4594654812367,"8"
"1404",199.961527191639,22,8,4,"B",43.4594654812367,"8"
"1405",198.291584819073,24,8,4,"B",43.4594654812367,"8"
"1406",196.700494442745,26,8,4,"B",43.4594654812367,"8"
"1407",195.19308230284,28,8,4,"B",43.4594654812367,"8"
"1408",193.7727759835,30,8,4,"B",43.4594654812367,"8"
"1409",192.441515869412,32,8,4,"B",43.4594654812367,"8"
"1410",191.199676647668,34,8,4,"B",43.4594654812367,"8"
"1411",190.046008969052,36,8,4,"B",43.4594654812367,"8"
"1412",188.97765288368,38,8,4,"B",43.4594654812367,"8"
"1413",187.990183324731,40,8,4,"B",43.4594654812367,"8"
"1414",187.077685667657,42,8,4,"B",43.4594654812367,"8"
"1415",186.232885183322,44,8,4,"B",43.4594654812367,"8"
"1416",185.447296799687,46,8,4,"B",43.4594654812367,"8"
"1417",184.71140383019,48,8,4,"B",43.4594654812367,"8"
"1418",184.014850466218,50,8,4,"B",43.4594654812367,"8"
"1419",183.346666973653,52,8,4,"B",43.4594654812367,"8"
"1420",182.69550917044,54,8,4,"B",43.4594654812367,"8"
"1421",182.049912441687,56,8,4,"B",43.4594654812367,"8"
"1422",181.398556793783,58,8,4,"B",43.4594654812367,"8"
"1423",180.730527023969,60,8,4,"B",43.4594654812367,"8"
"1424",180.035576111743,62,8,4,"B",43.4594654812367,"8"
"1425",179.30439076276,64,8,4,"B",43.4594654812367,"8"
"1426",178.528823779878,66,8,4,"B",43.4594654812367,"8"
"1427",177.702113391701,68,8,4,"B",43.4594654812367,"8"
"1428",176.819090564749,70,8,4,"B",43.4594654812367,"8"
"1429",175.876367185501,72,8,4,"B",43.4594654812367,"8"
"1430",174.872449721684,74,8,4,"B",43.4594654812367,"8"
"1431",173.807843597823,76,8,4,"B",43.4594654812367,"8"
"1432",172.685157335008,78,8,4,"B",43.4594654812367,"8"
"1433",171.50913603623,80,8,4,"B",43.4594654812367,"8"
"1434",170.286644625915,82,8,4,"B",43.4594654812367,"8"
"1435",169.026631533529,84,8,4,"B",43.4594654812367,"8"
"1436",167.740032512364,86,8,4,"B",43.4594654812367,"8"
"1437",166.439621718276,88,8,4,"B",43.4594654812367,"8"
"1438",165.139839167739,90,8,4,"B",43.4594654812367,"8"
"1439",163.856588198557,92,8,4,"B",43.4594654812367,"8"
"1440",162.606989846495,94,8,4,"B",43.4594654812367,"8"
"1441",161.409094480005,96,8,4,"B",43.4594654812367,"8"
"1442",160.281589262716,98,8,4,"B",43.4594654812367,"8"
"1443",159.243464971212,100,8,4,"B",43.4594654812367,"8"
"1444",158.313674930746,102,8,4,"B",43.4594654812367,"8"
"1445",157.510781537475,104,8,4,"B",43.4594654812367,"8"
"1446",156.852604984251,106,8,4,"B",43.4594654812367,"8"
"1447",156.355889185711,108,8,4,"B",43.4594654812367,"8"
"1448",156.035987988288,110,8,4,"B",43.4594654812367,"8"
"1449",155.906544494998,112,8,4,"B",43.4594654812367,"8"
"1450",155.979204894327,114,8,4,"B",43.4594654812367,"8"
"1451",156.263381305994,116,8,4,"B",43.4594654812367,"8"
"1452",156.766033407025,118,8,4,"B",43.4594654812367,"8"
"1453",157.491473083019,120,8,4,"B",43.4594654812367,"8"
"1454",158.44119767903,122,8,4,"B",43.4594654812367,"8"
"1455",159.613776369086,124,8,4,"B",43.4594654812367,"8"
"1456",161.004773756312,126,8,4,"B",43.4594654812367,"8"
"1457",162.606714882304,128,8,4,"B",43.4594654812367,"8"
"1458",164.409127584347,130,8,4,"B",43.4594654812367,"8"
"1459",166.398615727212,132,8,4,"B",43.4594654812367,"8"
"1460",168.558941044933,134,8,4,"B",43.4594654812367,"8"
"1461",170.871182747448,136,8,4,"B",43.4594654812367,"8"
"1462",173.313991238132,138,8,4,"B",43.4594654812367,"8"
"1463",175.863847251152,140,8,4,"B",43.4594654812367,"8"
"1464",178.495331643477,142,8,4,"B",43.4594654812367,"8"
"1465",181.181447605688,144,8,4,"B",43.4594654812367,"8"
"1466",183.893978524252,146,8,4,"B",43.4594654812367,"8"
"1467",186.603873824505,148,8,4,"B",43.4594654812367,"8"
"1468",189.281657544175,150,8,4,"B",43.4594654812367,"8"
"1469",191.897840737168,152,8,4,"B",43.4594654812367,"8"
"1470",194.423345519251,154,8,4,"B",43.4594654812367,"8"
"1471",196.829930738637,156,8,4,"B",43.4594654812367,"8"
"1472",199.090601133653,158,8,4,"B",43.4594654812367,"8"
"1473",201.180002460816,160,8,4,"B",43.4594654812367,"8"
"1474",203.074820328448,162,8,4,"B",43.4594654812367,"8"
"1475",204.754168667871,164,8,4,"B",43.4594654812367,"8"
"1476",206.199882632774,166,8,4,"B",43.4594654812367,"8"
"1477",207.396781006627,168,8,4,"B",43.4594654812367,"8"
"1478",208.33298034989,170,8,4,"B",43.4594654812367,"8"
"1479",209.000091530093,172,8,4,"B",43.4594654812367,"8"
"1480",209.393319611556,174,8,4,"B",43.4594654812367,"8"
"1481",209.511524289663,176,8,4,"B",43.4594654812367,"8"
"1482",209.357282891488,178,8,4,"B",43.4594654812367,"8"
"1483",208.936892491072,180,8,4,"B",43.4594654812367,"8"
"1484",208.260317469727,182,8,4,"B",43.4594654812367,"8"
"1485",207.341080444123,184,8,4,"B",43.4594654812367,"8"
"1486",206.196099037091,186,8,4,"B",43.4594654812367,"8"
"1487",204.845492853006,188,8,4,"B",43.4594654812367,"8"
"1488",203.312360023065,190,8,4,"B",43.4594654812367,"8"
"1489",201.622488609131,192,8,4,"B",43.4594654812367,"8"
"1490",199.80392978998,194,8,4,"B",43.4594654812367,"8"
"1491",197.886558902725,196,8,4,"B",43.4594654812367,"8"
"1492",195.901639461793,198,8,4,"B",43.4594654812367,"8"
"1493",193.881334472086,200,8,4,"B",43.4594654812367,"8"
"1494",191.858229748517,202,8,4,"B",43.4594654812367,"8"
"1495",189.864842046437,204,8,4,"B",43.4594654812367,"8"
"1496",187.933129066743,206,8,4,"B",43.4594654812367,"8"
"1497",186.094008797693,208,8,4,"B",43.4594654812367,"8"
"1498",184.376883399909,210,8,4,"B",43.4594654812367,"8"
"1499",182.809206678965,212,8,4,"B",43.4594654812367,"8"
"1500",181.41605927652,214,8,4,"B",43.4594654812367,"8"
"1501",180.219794670592,216,8,4,"B",43.4594654812367,"8"
"1502",179.239708034618,218,8,4,"B",43.4594654812367,"8"
"1503",178.49169562661,220,8,4,"B",43.4594654812367,"8"
"1504",177.988059352646,222,8,4,"B",43.4594654812367,"8"
"1505",177.737441639211,224,8,4,"B",43.4594654812367,"8"
"1506",177.744667031814,226,8,4,"B",43.4594654812367,"8"
"1507",178.01073568641,228,8,4,"B",43.4594654812367,"8"
"1508",178.532888711205,230,8,4,"B",43.4594654812367,"8"
"1509",179.304648311507,232,8,4,"B",43.4594654812367,"8"
"1510",180.315986522847,234,8,4,"B",43.4594654812367,"8"
"1511",181.553587215321,236,8,4,"B",43.4594654812367,"8"
"1512",183.001083363576,238,8,4,"B",43.4594654812367,"8"
"1513",184.639350007806,240,8,4,"B",43.4594654812367,"8"
"1514",186.446861772505,242,8,4,"B",43.4594654812367,"8"
"1515",188.400049070045,244,8,4,"B",43.4594654812367,"8"
"1516",190.473696938322,246,8,4,"B",43.4594654812367,"8"
"1517",192.641378340595,248,8,4,"B",43.4594654812367,"8"
"1518",194.875884351929,250,8,4,"B",43.4594654812367,"8"
"1519",197.149657975203,252,8,4,"B",43.4594654812367,"8"
"1520",199.435233728946,254,8,4,"B",43.4594654812367,"8"
"1521",201.705664018101,256,8,4,"B",43.4594654812367,"8"
"1522",203.934935674348,258,8,4,"B",43.4594654812367,"8"
"1523",206.098364476713,260,8,4,"B",43.4594654812367,"8"
"1524",208.172955770009,262,8,4,"B",43.4594654812367,"8"
"1525",210.137734462058,264,8,4,"B",43.4594654812367,"8"
"1526",211.974030351807,266,8,4,"B",43.4594654812367,"8"
"1527",213.665733097507,268,8,4,"B",43.4594654812367,"8"
"1528",215.199513891603,270,8,4,"B",43.4594654812367,"8"
"1529",216.564997376831,272,8,4,"B",43.4594654812367,"8"
"1530",217.754907263264,274,8,4,"B",43.4594654812367,"8"
"1531",218.765101251348,276,8,4,"B",43.4594654812367,"8"
"1532",219.594517070619,278,8,4,"B",43.4594654812367,"8"
"1533",220.245128749246,280,8,4,"B",43.4594654812367,"8"
"1534",220.721888137033,282,8,4,"B",43.4594654812367,"8"
"1535",221.032554605522,284,8,4,"B",43.4594654812367,"8"
"1536",221.187468748232,286,8,4,"B",43.4594654812367,"8"
"1537",221.199345899426,288,8,4,"B",43.4594654812367,"8"
"1538",221.082973044654,290,8,4,"B",43.4594654812367,"8"
"1539",220.854876942237,292,8,4,"B",43.4594654812367,"8"
"1540",220.533000476875,294,8,4,"B",43.4594654812367,"8"
"1541",220.136336000254,296,8,4,"B",43.4594654812367,"8"
"1542",219.684522717435,298,8,4,"B",43.4594654812367,"8"
"1543",219.197465669469,300,8,4,"B",43.4594654812367,"8"
"1544",218.69494920597,302,8,4,"B",43.4594654812367,"8"
"1545",218.196254598902,304,8,4,"B",43.4594654812367,"8"
"1546",217.719796752884,306,8,4,"B",43.4594654812367,"8"
"1547",217.282776221297,308,8,4,"B",43.4594654812367,"8"
"1548",216.900847039464,310,8,4,"B",43.4594654812367,"8"
"1549",216.587836392006,312,8,4,"B",43.4594654812367,"8"
"1550",216.355481915961,314,8,4,"B",43.4594654812367,"8"
"1551",216.213196419181,316,8,4,"B",43.4594654812367,"8"
"1552",216.1678942984,318,8,4,"B",43.4594654812367,"8"
"1553",216.223868403573,320,8,4,"B",43.4594654812367,"8"
"1554",216.382708074281,322,8,4,"B",43.4594654812367,"8"
"1555",216.643234587202,324,8,4,"B",43.4594654812367,"8"
"1556",217.001531443594,326,8,4,"B",43.4594654812367,"8"
"1557",217.451021247068,328,8,4,"B",43.4594654812367,"8"
"1558",217.982588588631,330,8,4,"B",43.4594654812367,"8"
"1559",218.584787791014,332,8,4,"B",43.4594654812367,"8"
"1560",219.244074660618,334,8,4,"B",43.4594654812367,"8"
"1561",219.945073748413,336,8,4,"B",43.4594654812367,"8"
"1562",220.670861971168,338,8,4,"B",43.4594654812367,"8"
"1563",221.403281370966,340,8,4,"B",43.4594654812367,"8"
"1564",222.123291712788,342,8,4,"B",43.4594654812367,"8"
"1565",222.811338923625,344,8,4,"B",43.4594654812367,"8"
"1566",223.447720018439,346,8,4,"B",43.4594654812367,"8"
"1567",224.012957929997,348,8,4,"B",43.4594654812367,"8"
"1568",224.488174837894,350,8,4,"B",43.4594654812367,"8"
"1569",224.855449333724,352,8,4,"B",43.4594654812367,"8"
"1570",225.098162907124,354,8,4,"B",43.4594654812367,"8"
"1571",225.201308905815,356,8,4,"B",43.4594654812367,"8"
"1572",225.151764060968,358,8,4,"B",43.4594654812367,"8"
"1573",224.938545109506,360,8,4,"B",43.4594654812367,"8"
"1574",224.553009516355,362,8,4,"B",43.4594654812367,"8"
"1575",223.989024164628,364,8,4,"B",43.4594654812367,"8"
"1576",223.243123851812,366,8,4,"B",43.4594654812367,"8"
"1577",222.314532083396,368,8,4,"B",43.4594654812367,"8"
"1578",221.205129560133,370,8,4,"B",43.4594654812367,"8"
"1579",219.919401779966,372,8,4,"B",43.4594654812367,"8"
"1580",218.464298307062,374,8,4,"B",43.4594654812367,"8"
"1581",216.84907618609,376,8,4,"B",43.4594654812367,"8"
"1582",215.085077653887,378,8,4,"B",43.4594654812367,"8"
"1583",213.185419822731,380,8,4,"B",43.4594654812367,"8"
"1584",211.164660261763,382,8,4,"B",43.4594654812367,"8"
"1585",209.038403882834,384,8,4,"B",43.4594654812367,"8"
"1586",206.822864361084,386,8,4,"B",43.4594654812367,"8"
"1587",204.534391471353,388,8,4,"B",43.4594654812367,"8"
"1588",202.188953201125,390,8,4,"B",43.4594654812367,"8"
"1589",199.801602669255,392,8,4,"B",43.4594654812367,"8"
"1590",197.38590797122,394,8,4,"B",43.4594654812367,"8"
"1591",194.953384299822,396,8,4,"B",43.4594654812367,"8"
"1592",192.512942339172,398,8,4,"B",43.4594654812367,"8"
"1593",175.719231164208,2,9,5,"E",49.4976038696288,"9"
"1594",176.262425768253,4,9,5,"E",49.4976038696288,"9"
"1595",176.805670988523,6,9,5,"E",49.4976038696288,"9"
"1596",177.348942113013,8,9,5,"E",49.4976038696288,"9"
"1597",177.892054792816,10,9,5,"E",49.4976038696288,"9"
"1598",178.434562733913,12,9,5,"E",49.4976038696288,"9"
"1599",178.975656251109,14,9,5,"E",49.4976038696288,"9"
"1600",179.514059041433,16,9,5,"E",49.4976038696288,"9"
"1601",180.047927924875,18,9,5,"E",49.4976038696288,"9"
"1602",180.574768994827,20,9,5,"E",49.4976038696288,"9"
"1603",181.091367866663,22,9,5,"E",49.4976038696288,"9"
"1604",181.593725388105,24,9,5,"E",49.4976038696288,"9"
"1605",182.07700365163,26,9,5,"E",49.4976038696288,"9"
"1606",182.535488359255,28,9,5,"E",49.4976038696288,"9"
"1607",182.962589939475,30,9,5,"E",49.4976038696288,"9"
"1608",183.350864119025,32,9,5,"E",49.4976038696288,"9"
"1609",183.692057500164,34,9,5,"E",49.4976038696288,"9"
"1610",183.977185694011,36,9,5,"E",49.4976038696288,"9"
"1611",184.196631051149,38,9,5,"E",49.4976038696288,"9"
"1612",184.340269139165,40,9,5,"E",49.4976038696288,"9"
"1613",184.397628540388,42,9,5,"E",49.4976038696288,"9"
"1614",184.358071722423,44,9,5,"E",49.4976038696288,"9"
"1615",184.210998738476,46,9,5,"E",49.4976038696288,"9"
"1616",183.946067457872,48,9,5,"E",49.4976038696288,"9"
"1617",183.553423464906,50,9,5,"E",49.4976038696288,"9"
"1618",183.023948990473,52,9,5,"E",49.4976038696288,"9"
"1619",182.349526178368,54,9,5,"E",49.4976038696288,"9"
"1620",181.52327472909,56,9,5,"E",49.4976038696288,"9"
"1621",180.539799582464,58,9,5,"E",49.4976038696288,"9"
"1622",179.395438136911,60,9,5,"E",49.4976038696288,"9"
"1623",178.088450723936,62,9,5,"E",49.4976038696288,"9"
"1624",176.619234645018,64,9,5,"E",49.4976038696288,"9"
"1625",174.990533306725,66,9,5,"E",49.4976038696288,"9"
"1626",173.207542437691,68,9,5,"E",49.4976038696288,"9"
"1627",171.277989446176,70,9,5,"E",49.4976038696288,"9"
"1628",169.212202131698,72,9,5,"E",49.4976038696288,"9"
"1629",167.023150167045,74,9,5,"E",49.4976038696288,"9"
"1630",164.726403693215,76,9,5,"E",49.4976038696288,"9"
"1631",162.340048202761,78,9,5,"E",49.4976038696288,"9"
"1632",159.884554025476,80,9,5,"E",49.4976038696288,"9"
"1633",157.382620892233,82,9,5,"E",49.4976038696288,"9"
"1634",154.858957444107,84,9,5,"E",49.4976038696288,"9"
"1635",152.34002348256,86,9,5,"E",49.4976038696288,"9"
"1636",149.853735948379,88,9,5,"E",49.4976038696288,"9"
"1637",147.42913749486,90,9,5,"E",49.4976038696288,"9"
"1638",145.096041637899,92,9,5,"E",49.4976038696288,"9"
"1639",142.884636258063,94,9,5,"E",49.4976038696288,"9"
"1640",140.82506636385,96,9,5,"E",49.4976038696288,"9"
"1641",138.946996520619,98,9,5,"E",49.4976038696288,"9"
"1642",137.279154573112,100,9,5,"E",49.4976038696288,"9"
"1643",135.848856957828,102,9,5,"E",49.4976038696288,"9"
"1644",134.681548216119,104,9,5,"E",49.4976038696288,"9"
"1645",133.800351544946,106,9,5,"E",49.4976038696288,"9"
"1646",133.225615983846,108,9,5,"E",49.4976038696288,"9"
"1647",132.974477944297,110,9,5,"E",49.4976038696288,"9"
"1648",133.060453591004,112,9,5,"E",49.4976038696288,"9"
"1649",133.493102198851,114,9,5,"E",49.4976038696288,"9"
"1650",134.277746822713,116,9,5,"E",49.4976038696288,"9"
"1651",135.415188553365,118,9,5,"E",49.4976038696288,"9"
"1652",136.901586585052,120,9,5,"E",49.4976038696288,"9"
"1653",138.728340202441,122,9,5,"E",49.4976038696288,"9"
"1654",140.882012524496,124,9,5,"E",49.4976038696288,"9"
"1655",143.34443158007,126,9,5,"E",49.4976038696288,"9"
"1656",146.092824957305,128,9,5,"E",49.4976038696288,"9"
"1657",149.099983001309,130,9,5,"E",49.4976038696288,"9"
"1658",152.334534408118,132,9,5,"E",49.4976038696288,"9"
"1659",155.761252673462,134,9,5,"E",49.4976038696288,"9"
"1660",159.341468108053,136,9,5,"E",49.4976038696288,"9"
"1661",163.033490108449,138,9,5,"E",49.4976038696288,"9"
"1662",166.793133523738,140,9,5,"E",49.4976038696288,"9"
"1663",170.574319832182,142,9,5,"E",49.4976038696288,"9"
"1664",174.32967780567,144,9,5,"E",49.4976038696288,"9"
"1665",178.011227475048,146,9,5,"E",49.4976038696288,"9"
"1666",181.571074676621,148,9,5,"E",49.4976038696288,"9"
"1667",184.962129247936,150,9,5,"E",49.4976038696288,"9"
"1668",188.138807151541,152,9,5,"E",49.4976038696288,"9"
"1669",191.057728223115,154,9,5,"E",49.4976038696288,"9"
"1670",193.678330416422,156,9,5,"E",49.4976038696288,"9"
"1671",195.963519279181,158,9,5,"E",49.4976038696288,"9"
"1672",197.880287071123,160,9,5,"E",49.4976038696288,"9"
"1673",199.400142584167,162,9,5,"E",49.4976038696288,"9"
"1674",200.499603496151,164,9,5,"E",49.4976038696288,"9"
"1675",201.160643331619,166,9,5,"E",49.4976038696288,"9"
"1676",201.371018712303,168,9,5,"E",49.4976038696288,"9"
"1677",201.124554753043,170,9,5,"E",49.4976038696288,"9"
"1678",200.421321884043,172,9,5,"E",49.4976038696288,"9"
"1679",199.267708284091,174,9,5,"E",49.4976038696288,"9"
"1680",197.676329160501,176,9,5,"E",49.4976038696288,"9"
"1681",195.665957887191,178,9,5,"E",49.4976038696288,"9"
"1682",193.26137515682,180,9,5,"E",49.4976038696288,"9"
"1683",190.492839164324,182,9,5,"E",49.4976038696288,"9"
"1684",187.395616760749,184,9,5,"E",49.4976038696288,"9"
"1685",184.00950273655,186,9,5,"E",49.4976038696288,"9"
"1686",180.378228331292,188,9,5,"E",49.4976038696288,"9"
"1687",176.548886054256,190,9,5,"E",49.4976038696288,"9"
"1688",172.571318880101,192,9,5,"E",49.4976038696288,"9"
"1689",168.497411294069,194,9,5,"E",49.4976038696288,"9"
"1690",164.380397737204,196,9,5,"E",49.4976038696288,"9"
"1691",160.274133530117,198,9,5,"E",49.4976038696288,"9"
"1692",156.232355289621,200,9,5,"E",49.4976038696288,"9"
"1693",152.307940885955,202,9,5,"E",49.4976038696288,"9"
"1694",148.55219341001,204,9,5,"E",49.4976038696288,"9"
"1695",145.01414091266,206,9,5,"E",49.4976038696288,"9"
"1696",141.739875931102,208,9,5,"E",49.4976038696288,"9"
"1697",138.771906519416,210,9,5,"E",49.4976038696288,"9"
"1698",136.148588146224,212,9,5,"E",49.4976038696288,"9"
"1699",133.903642716581,214,9,5,"E",49.4976038696288,"9"
"1700",132.06574725736,216,9,5,"E",49.4976038696288,"9"
"1701",130.658149144432,218,9,5,"E",49.4976038696288,"9"
"1702",129.698274807098,220,9,5,"E",49.4976038696288,"9"
"1703",129.197591129035,222,9,5,"E",49.4976038696288,"9"
"1704",129.161468749365,224,9,5,"E",49.4976038696288,"9"
"1705",129.589159715106,226,9,5,"E",49.4976038696288,"9"
"1706",130.473784269092,228,9,5,"E",49.4976038696288,"9"
"1707",131.802498543611,230,9,5,"E",49.4976038696288,"9"
"1708",133.556692775701,232,9,5,"E",49.4976038696288,"9"
"1709",135.712250886952,234,9,5,"E",49.4976038696288,"9"
"1710",138.239955879302,236,9,5,"E",49.4976038696288,"9"
"1711",141.105912551689,238,9,5,"E",49.4976038696288,"9"
"1712",144.272063116833,240,9,5,"E",49.4976038696288,"9"
"1713",147.696807270825,242,9,5,"E",49.4976038696288,"9"
"1714",151.33565629722,244,9,5,"E",49.4976038696288,"9"
"1715",155.141923153425,246,9,5,"E",49.4976038696288,"9"
"1716",159.067450135253,248,9,5,"E",49.4976038696288,"9"
"1717",163.063343721286,250,9,5,"E",49.4976038696288,"9"
"1718",167.080724907765,252,9,5,"E",49.4976038696288,"9"
"1719",171.071467011071,254,9,5,"E",49.4976038696288,"9"
"1720",174.988926497886,256,9,5,"E",49.4976038696288,"9"
"1721",178.788652871558,258,9,5,"E",49.4976038696288,"9"
"1722",182.429030580241,260,9,5,"E",49.4976038696288,"9"
"1723",185.871881040438,262,9,5,"E",49.4976038696288,"9"
"1724",189.083001091043,264,9,5,"E",49.4976038696288,"9"
"1725",192.032609600044,266,9,5,"E",49.4976038696288,"9"
"1726",194.695770594226,268,9,5,"E",49.4976038696288,"9"
"1727",197.052715118984,270,9,5,"E",49.4976038696288,"9"
"1728",199.089081224727,272,9,5,"E",49.4976038696288,"9"
"1729",200.795997753475,274,9,5,"E",49.4976038696288,"9"
"1730",202.170010034749,276,9,5,"E",49.4976038696288,"9"
"1731",203.213048382132,278,9,5,"E",49.4976038696288,"9"
"1732",203.932336835808,280,9,5,"E",49.4976038696288,"9"
"1733",204.34009975065,282,9,5,"E",49.4976038696288,"9"
"1734",204.453250207229,284,9,5,"E",49.4976038696288,"9"
"1735",204.293009377143,286,9,5,"E",49.4976038696288,"9"
"1736",203.884442076197,288,9,5,"E",49.4976038696288,"9"
"1737",203.255991283573,290,9,5,"E",49.4976038696288,"9"
"1738",202.438915985043,292,9,5,"E",49.4976038696288,"9"
"1739",201.466637415161,294,9,5,"E",49.4976038696288,"9"
"1740",200.374117851635,296,9,5,"E",49.4976038696288,"9"
"1741",199.197196919438,298,9,5,"E",49.4976038696288,"9"
"1742",197.971919646769,300,9,5,"E",49.4976038696288,"9"
"1743",196.733875471466,302,9,5,"E",49.4976038696288,"9"
"1744",195.517542729101,304,9,5,"E",49.4976038696288,"9"
"1745",194.355668520329,306,9,5,"E",49.4976038696288,"9"
"1746",193.278698196426,308,9,5,"E",49.4976038696288,"9"
"1747",192.314271086322,310,9,5,"E",49.4976038696288,"9"
"1748",191.486712968773,312,9,5,"E",49.4976038696288,"9"
"1749",190.816607576232,314,9,5,"E",49.4976038696288,"9"
"1750",190.320536117669,316,9,5,"E",49.4976038696288,"9"
"1751",190.010748896538,318,9,5,"E",49.4976038696288,"9"
"1752",189.895007984455,320,9,5,"E",49.4976038696288,"9"
"1753",189.976524776217,322,9,5,"E",49.4976038696288,"9"
"1754",190.253939924404,324,9,5,"E",49.4976038696288,"9"
"1755",190.721425176256,326,9,5,"E",49.4976038696288,"9"
"1756",191.368829475222,328,9,5,"E",49.4976038696288,"9"
"1757",192.181896299307,330,9,5,"E",49.4976038696288,"9"
"1758",193.142561560286,332,9,5,"E",49.4976038696288,"9"
"1759",194.22936348582,334,9,5,"E",49.4976038696288,"9"
"1760",195.41788951266,336,9,5,"E",49.4976038696288,"9"
"1761",196.681251402381,338,9,5,"E",49.4976038696288,"9"
"1762",197.990593394406,340,9,5,"E",49.4976038696288,"9"
"1763",199.315649396019,342,9,5,"E",49.4976038696288,"9"
"1764",200.625352029974,344,9,5,"E",49.4976038696288,"9"
"1765",201.888417842752,346,9,5,"E",49.4976038696288,"9"
"1766",203.073935728806,348,9,5,"E",49.4976038696288,"9"
"1767",204.151941901128,350,9,5,"E",49.4976038696288,"9"
"1768",205.093970061584,352,9,5,"E",49.4976038696288,"9"
"1769",205.873585444003,354,9,5,"E",49.4976038696288,"9"
"1770",206.466849400876,356,9,5,"E",49.4976038696288,"9"
"1771",206.852742590675,358,9,5,"E",49.4976038696288,"9"
"1772",207.013555486892,360,9,5,"E",49.4976038696288,"9"
"1773",206.935164211036,362,9,5,"E",49.4976038696288,"9"
"1774",206.607263587671,364,9,5,"E",49.4976038696288,"9"
"1775",206.023532317948,366,9,5,"E",49.4976038696288,"9"
"1776",205.181683605515,368,9,5,"E",49.4976038696288,"9"
"1777",204.083400781947,370,9,5,"E",49.4976038696288,"9"
"1778",202.734285306959,372,9,5,"E",49.4976038696288,"9"
"1779",201.143704722627,374,9,5,"E",49.4976038696288,"9"
"1780",199.324486266933,376,9,5,"E",49.4976038696288,"9"
"1781",197.292544705813,378,9,5,"E",49.4976038696288,"9"
"1782",195.066480589319,380,9,5,"E",49.4976038696288,"9"
"1783",192.667062017916,382,9,5,"E",49.4976038696288,"9"
"1784",190.116663557728,384,9,5,"E",49.4976038696288,"9"
"1785",187.438640058145,386,9,5,"E",49.4976038696288,"9"
"1786",184.656640276912,388,9,5,"E",49.4976038696288,"9"
"1787",181.793855765314,390,9,5,"E",49.4976038696288,"9"
"1788",178.872217213857,392,9,5,"E",49.4976038696288,"9"
"1789",175.911499425205,394,9,5,"E",49.4976038696288,"9"
"1790",172.928386990574,396,9,5,"E",49.4976038696288,"9"
"1791",169.935510906507,398,9,5,"E",49.4976038696288,"9"
"1792",181.907971167946,2,10,5,"E",55.6446310137961,"10"
"1793",181.137846152076,4,10,5,"E",55.6446310137961,"10"
"1794",180.373394410137,6,10,5,"E",55.6446310137961,"10"
"1795",179.620635223431,8,10,5,"E",55.6446310137961,"10"
"1796",178.887154057097,10,10,5,"E",55.6446310137961,"10"
"1797",178.181671712805,12,10,5,"E",55.6446310137961,"10"
"1798",177.513599493062,14,10,5,"E",55.6446310137961,"10"
"1799",176.892614217717,16,10,5,"E",55.6446310137961,"10"
"1800",176.328250917746,18,10,5,"E",55.6446310137961,"10"
"1801",175.829520325503,20,10,5,"E",55.6446310137961,"10"
"1802",175.404547468795,22,10,5,"E",55.6446310137961,"10"
"1803",175.060261745625,24,10,5,"E",55.6446310137961,"10"
"1804",174.802135328481,26,10,5,"E",55.6446310137961,"10"
"1805",174.633949600068,28,10,5,"E",55.6446310137961,"10"
"1806",174.557642198541,30,10,5,"E",55.6446310137961,"10"
"1807",174.573180609641,32,10,5,"E",55.6446310137961,"10"
"1808",174.678486704404,34,10,5,"E",55.6446310137961,"10"
"1809",174.869426678312,36,10,5,"E",55.6446310137961,"10"
"1810",175.139825102479,38,10,5,"E",55.6446310137961,"10"
"1811",175.481506029326,40,10,5,"E",55.6446310137961,"10"
"1812",175.88444697352,42,10,5,"E",55.6446310137961,"10"
"1813",176.336950158741,44,10,5,"E",55.6446310137961,"10"
"1814",176.825837136288,46,10,5,"E",55.6446310137961,"10"
"1815",177.336695476199,48,10,5,"E",55.6446310137961,"10"
"1816",177.854161431292,50,10,5,"E",55.6446310137961,"10"
"1817",178.362222883666,52,10,5,"E",55.6446310137961,"10"
"1818",178.844546128775,54,10,5,"E",55.6446310137961,"10"
"1819",179.284813206854,56,10,5,"E",55.6446310137961,"10"
"1820",179.667074051037,58,10,5,"E",55.6446310137961,"10"
"1821",179.976099776012,60,10,5,"E",55.6446310137961,"10"
"1822",180.197719678503,62,10,5,"E",55.6446310137961,"10"
"1823",180.319158161613,64,10,5,"E",55.6446310137961,"10"
"1824",180.329360854554,66,10,5,"E",55.6446310137961,"10"
"1825",180.219277912851,68,10,5,"E",55.6446310137961,"10"
"1826",179.982124264924,70,10,5,"E",55.6446310137961,"10"
"1827",179.613593077405,72,10,5,"E",55.6446310137961,"10"
"1828",179.112015666792,74,10,5,"E",55.6446310137961,"10"
"1829",178.478516653403,76,10,5,"E",55.6446310137961,"10"
"1830",177.717107148623,78,10,5,"E",55.6446310137961,"10"
"1831",176.834673234447,80,10,5,"E",55.6446310137961,"10"
"1832",175.840937082491,82,10,5,"E",55.6446310137961,"10"
"1833",174.748391266543,84,10,5,"E",55.6446310137961,"10"
"1834",173.572134924918,86,10,5,"E",55.6446310137961,"10"
"1835",172.329665978216,88,10,5,"E",55.6446310137961,"10"
"1836",171.04062073036,90,10,5,"E",55.6446310137961,"10"
"1837",169.726454789125,92,10,5,"E",55.6446310137961,"10"
"1838",168.410101105519,94,10,5,"E",55.6446310137961,"10"
"1839",167.115596958371,96,10,5,"E",55.6446310137961,"10"
"1840",165.867647869608,98,10,5,"E",55.6446310137961,"10"
"1841",164.691186158454,100,10,5,"E",55.6446310137961,"10"
"1842",163.61091633445,102,10,5,"E",55.6446310137961,"10"
"1843",162.650846936048,104,10,5,"E",55.6446310137961,"10"
"1844",161.833839577316,106,10,5,"E",55.6446310137961,"10"
"1845",161.181158654824,108,10,5,"E",55.6446310137961,"10"
"1846",160.712049876757,110,10,5,"E",55.6446310137961,"10"
"1847",160.443318569092,112,10,5,"E",55.6446310137961,"10"
"1848",160.388959411772,114,10,5,"E",55.6446310137961,"10"
"1849",160.5598182409,116,10,5,"E",55.6446310137961,"10"
"1850",160.963336834417,118,10,5,"E",55.6446310137961,"10"
"1851",161.603327150644,120,10,5,"E",55.6446310137961,"10"
"1852",162.479773562947,122,10,5,"E",55.6446310137961,"10"
"1853",163.588720874849,124,10,5,"E",55.6446310137961,"10"
"1854",164.922228448655,126,10,5,"E",55.6446310137961,"10"
"1855",166.468363360127,128,10,5,"E",55.6446310137961,"10"
"1856",168.211253871368,130,10,5,"E",55.6446310137961,"10"
"1857",170.131283599358,132,10,5,"E",55.6446310137961,"10"
"1858",172.205308980265,134,10,5,"E",55.6446310137961,"10"
"1859",174.406930946138,136,10,5,"E",55.6446310137961,"10"
"1860",176.706806438639,138,10,5,"E",55.6446310137961,"10"
"1861",179.073061618396,140,10,5,"E",55.6446310137961,"10"
"1862",181.471750942979,142,10,5,"E",55.6446310137961,"10"
"1863",183.867324523956,144,10,5,"E",55.6446310137961,"10"
"1864",186.223141607512,146,10,5,"E",55.6446310137961,"10"
"1865",188.502019560203,148,10,5,"E",55.6446310137961,"10"
"1866",190.66680319842,150,10,5,"E",55.6446310137961,"10"
"1867",192.680941260144,152,10,5,"E",55.6446310137961,"10"
"1868",194.509063247401,154,10,5,"E",55.6446310137961,"10"
"1869",196.117542410685,156,10,5,"E",55.6446310137961,"10"
"1870",197.475071770939,158,10,5,"E",55.6446310137961,"10"
"1871",198.553192512133,160,10,5,"E",55.6446310137961,"10"
"1872",199.326782049311,162,10,5,"E",55.6446310137961,"10"
"1873",199.774546626603,164,10,5,"E",55.6446310137961,"10"
"1874",199.879426413211,166,10,5,"E",55.6446310137961,"10"
"1875",199.628917446172,168,10,5,"E",55.6446310137961,"10"
"1876",199.015321481767,170,10,5,"E",55.6446310137961,"10"
"1877",198.035961589568,172,10,5,"E",55.6446310137961,"10"
"1878",196.693239412829,174,10,5,"E",55.6446310137961,"10"
"1879",194.99468711639,176,10,5,"E",55.6446310137961,"10"
"1880",192.952955574596,178,10,5,"E",55.6446310137961,"10"
"1881",190.585725736366,180,10,5,"E",55.6446310137961,"10"
"1882",187.915530847491,182,10,5,"E",55.6446310137961,"10"
"1883",184.969465181707,184,10,5,"E",55.6446310137961,"10"
"1884",181.77883265852,186,10,5,"E",55.6446310137961,"10"
"1885",178.378788430638,188,10,5,"E",55.6446310137961,"10"
"1886",174.807947814701,190,10,5,"E",55.6446310137961,"10"
"1887",171.107908853375,192,10,5,"E",55.6446310137961,"10"
"1888",167.322666382209,194,10,5,"E",55.6446310137961,"10"
"1889",163.497969598448,196,10,5,"E",55.6446310137961,"10"
"1890",159.680602424894,198,10,5,"E",55.6446310137961,"10"
"1891",155.917698571531,200,10,5,"E",55.6446310137961,"10"
"1892",152.256043462886,202,10,5,"E",55.6446310137961,"10"
"1893",148.74138355562,204,10,5,"E",55.6446310137961,"10"
"1894",145.417752668386,206,10,5,"E",55.6446310137961,"10"
"1895",142.326779983541,208,10,5,"E",55.6446310137961,"10"
"1896",139.507098956006,210,10,5,"E",55.6446310137961,"10"
"1897",136.993772673787,212,10,5,"E",55.6446310137961,"10"
"1898",134.817743223692,214,10,5,"E",55.6446310137961,"10"
"1899",133.005306604337,216,10,5,"E",55.6446310137961,"10"
"1900",131.577731075836,218,10,5,"E",55.6446310137961,"10"
"1901",130.551052046116,220,10,5,"E",55.6446310137961,"10"
"1902",129.93577752956,222,10,5,"E",55.6446310137961,"10"
"1903",129.736741646894,224,10,5,"E",55.6446310137961,"10"
"1904",129.953112548983,226,10,5,"E",55.6446310137961,"10"
"1905",130.578391978052,228,10,5,"E",55.6446310137961,"10"
"1906",131.600603209414,230,10,5,"E",55.6446310137961,"10"
"1907",133.002572105844,232,10,5,"E",55.6446310137961,"10"
"1908",134.762217376959,234,10,5,"E",55.6446310137961,"10"
"1909",136.852993598724,236,10,5,"E",55.6446310137961,"10"
"1910",139.244306054961,238,10,5,"E",55.6446310137961,"10"
"1911",141.901995614665,240,10,5,"E",55.6446310137961,"10"
"1912",144.788922023643,242,10,5,"E",55.6446310137961,"10"
"1913",147.865557807248,244,10,5,"E",55.6446310137961,"10"
"1914",151.090622919551,246,10,5,"E",55.6446310137961,"10"
"1915",154.421732757465,248,10,5,"E",55.6446310137961,"10"
"1916",157.816048438316,250,10,5,"E",55.6446310137961,"10"
"1917",161.23093759944,252,10,5,"E",55.6446310137961,"10"
"1918",164.624616075786,254,10,5,"E",55.6446310137961,"10"
"1919",167.956783733017,256,10,5,"E",55.6446310137961,"10"
"1920",171.189238811345,258,10,5,"E",55.6446310137961,"10"
"1921",174.286395852961,260,10,5,"E",55.6446310137961,"10"
"1922",177.215770472019,262,10,5,"E",55.6446310137961,"10"
"1923",179.948453712975,264,10,5,"E",55.6446310137961,"10"
"1924",182.459502920845,266,10,5,"E",55.6446310137961,"10"
"1925",184.728247661299,268,10,5,"E",55.6446310137961,"10"
"1926",186.738557677018,270,10,5,"E",55.6446310137961,"10"
"1927",188.479022085738,272,10,5,"E",55.6446310137961,"10"
"1928",189.943007685319,274,10,5,"E",55.6446310137961,"10"
"1929",191.128601574808,276,10,5,"E",55.6446310137961,"10"
"1930",192.038581295817,278,10,5,"E",55.6446310137961,"10"
"1931",192.680219931915,280,10,5,"E",55.6446310137961,"10"
"1932",193.065070556034,282,10,5,"E",55.6446310137961,"10"
"1933",193.208669896997,284,10,5,"E",55.6446310137961,"10"
"1934",193.130171936473,286,10,5,"E",55.6446310137961,"10"
"1935",192.851921349328,288,10,5,"E",55.6446310137961,"10"
"1936",192.399021947052,290,10,5,"E",55.6446310137961,"10"
"1937",191.798771609624,292,10,5,"E",55.6446310137961,"10"
"1938",191.080119528488,294,10,5,"E",55.6446310137961,"10"
"1939",190.273095200395,296,10,5,"E",55.6446310137961,"10"
"1940",189.408225705449,298,10,5,"E",55.6446310137961,"10"
"1941",188.515950624239,300,10,5,"E",55.6446310137961,"10"
"1942",187.626044387701,302,10,5,"E",55.6446310137961,"10"
"1943",186.767052555476,304,10,5,"E",55.6446310137961,"10"
"1944",185.965747703887,306,10,5,"E",55.6446310137961,"10"
"1945",185.24663009234,308,10,5,"E",55.6446310137961,"10"
"1946",184.631454261597,310,10,5,"E",55.6446310137961,"10"
"1947",184.138836943689,312,10,5,"E",55.6446310137961,"10"
"1948",183.783905728493,314,10,5,"E",55.6446310137961,"10"
"1949",183.578005753641,316,10,5,"E",55.6446310137961,"10"
"1950",183.528540546264,318,10,5,"E",55.6446310137961,"10"
"1951",183.638856721853,320,10,5,"E",55.6446310137961,"10"
"1952",183.908148471629,322,10,5,"E",55.6446310137961,"10"
"1953",184.331451555469,324,10,5,"E",55.6446310137961,"10"
"1954",184.899746462479,326,10,5,"E",55.6446310137961,"10"
"1955",185.600098441221,328,10,5,"E",55.6446310137961,"10"
"1956",186.415924280975,330,10,5,"E",55.6446310137961,"10"
"1957",187.327307343697,332,10,5,"E",55.6446310137961,"10"
"1958",188.311375961676,334,10,5,"E",55.6446310137961,"10"
"1959",189.342713095673,336,10,5,"E",55.6446310137961,"10"
"1960",190.393843557101,338,10,5,"E",55.6446310137961,"10"
"1961",191.435739998413,340,10,5,"E",55.6446310137961,"10"
"1962",192.438368124564,342,10,5,"E",55.6446310137961,"10"
"1963",193.371250247267,344,10,5,"E",55.6446310137961,"10"
"1964",194.204045680849,346,10,5,"E",55.6446310137961,"10"
"1965",194.90711238398,348,10,5,"E",55.6446310137961,"10"
"1966",195.452063167533,350,10,5,"E",55.6446310137961,"10"
"1967",195.81230786359,352,10,5,"E",55.6446310137961,"10"
"1968",195.963537850337,354,10,5,"E",55.6446310137961,"10"
"1969",195.884183044298,356,10,5,"E",55.6446310137961,"10"
"1970",195.555825581687,358,10,5,"E",55.6446310137961,"10"
"1971",194.963524678474,360,10,5,"E",55.6446310137961,"10"
"1972",194.096146230117,362,10,5,"E",55.6446310137961,"10"
"1973",192.946539589057,364,10,5,"E",55.6446310137961,"10"
"1974",191.51161468433,366,10,5,"E",55.6446310137961,"10"
"1975",189.792445101003,368,10,5,"E",55.6446310137961,"10"
"1976",187.794170613604,370,10,5,"E",55.6446310137961,"10"
"1977",185.525821659179,372,10,5,"E",55.6446310137961,"10"
"1978",183.000083918671,374,10,5,"E",55.6446310137961,"10"
"1979",180.232995708389,376,10,5,"E",55.6446310137961,"10"
"1980",177.243563004186,378,10,5,"E",55.6446310137961,"10"
"1981",174.053268304371,380,10,5,"E",55.6446310137961,"10"
"1982",170.685467566685,382,10,5,"E",55.6446310137961,"10"
"1983",167.164782316525,384,10,5,"E",55.6446310137961,"10"
"1984",163.516408682297,386,10,5,"E",55.6446310137961,"10"
"1985",159.765378381163,388,10,5,"E",55.6446310137961,"10"
"1986",155.935769437557,390,10,5,"E",55.6446310137961,"10"
"1987",152.049894180589,392,10,5,"E",55.6446310137961,"10"
"1988",148.127499108813,394,10,5,"E",55.6446310137961,"10"
"1989",144.184866773118,396,10,5,"E",55.6446310137961,"10"
"1990",140.233904361703,398,10,5,"E",55.6446310137961,"10"
"1991",201.77965967993,2,11,6,"B",61.6350571132918,"11"
"1992",200.885205453208,4,11,6,"B",61.6350571132918,"11"
"1993",199.997303638572,6,11,6,"B",61.6350571132918,"11"
"1994",199.121953986476,8,11,6,"B",61.6350571132918,"11"
"1995",198.26661460298,10,11,6,"B",61.6350571132918,"11"
"1996",197.439829485918,12,11,6,"B",61.6350571132918,"11"
"1997",196.650870118913,14,11,6,"B",61.6350571132918,"11"
"1998",195.909398783944,16,11,6,"B",61.6350571132918,"11"
"1999",195.22514868474,18,11,6,"B",61.6350571132918,"11"
"2000",194.60761978419,20,11,6,"B",61.6350571132918,"11"
"2001",194.065794195978,22,11,6,"B",61.6350571132918,"11"
"2002",193.6078871689,24,11,6,"B",61.6350571132918,"11"
"2003",193.241125421279,26,11,6,"B",61.6350571132918,"11"
"2004",192.971538764886,28,11,6,"B",61.6350571132918,"11"
"2005",192.803765407286,30,11,6,"B",61.6350571132918,"11"
"2006",192.740928985699,32,11,6,"B",61.6350571132918,"11"
"2007",192.784506309718,34,11,6,"B",61.6350571132918,"11"
"2008",192.934241395246,36,11,6,"B",61.6350571132918,"11"
"2009",193.188133024073,38,11,6,"B",61.6350571132918,"11"
"2010",193.542431598735,40,11,6,"B",61.6350571132918,"11"
"2011",193.991680340437,42,11,6,"B",61.6350571132918,"11"
"2012",194.52880399036,44,11,6,"B",61.6350571132918,"11"
"2013",195.14520606947,46,11,6,"B",61.6350571132918,"11"
"2014",195.830909610848,48,11,6,"B",61.6350571132918,"11"
"2015",196.574729220093,50,11,6,"B",61.6350571132918,"11"
"2016",197.36445875053,52,11,6,"B",61.6350571132918,"11"
"2017",198.187092014788,54,11,6,"B",61.6350571132918,"11"
"2018",199.029051447334,56,11,6,"B",61.6350571132918,"11"
"2019",199.876433364414,58,11,6,"B",61.6350571132918,"11"
"2020",200.715266214918,60,11,6,"B",61.6350571132918,"11"
"2021",201.531762974921,62,11,6,"B",61.6350571132918,"11"
"2022",202.312566915896,64,11,6,"B",61.6350571132918,"11"
"2023",203.044985544059,66,11,6,"B",61.6350571132918,"11"
"2024",203.717233211433,68,11,6,"B",61.6350571132918,"11"
"2025",204.318640423157,70,11,6,"B",61.6350571132918,"11"
"2026",204.839846389851,72,11,6,"B",61.6350571132918,"11"
"2027",205.272975152605,74,11,6,"B",61.6350571132918,"11"
"2028",205.611756278494,76,11,6,"B",61.6350571132918,"11"
"2029",205.851629796015,78,11,6,"B",61.6350571132918,"11"
"2030",205.98983039217,80,11,6,"B",61.6350571132918,"11"
"2031",206.025414768786,82,11,6,"B",61.6350571132918,"11"
"2032",205.959276376732,84,11,6,"B",61.6350571132918,"11"
"2033",205.794117559619,86,11,6,"B",61.6350571132918,"11"
"2034",205.534368831717,88,11,6,"B",61.6350571132918,"11"
"2035",205.186103074469,90,11,6,"B",61.6350571132918,"11"
"2036",204.756908446916,92,11,6,"B",61.6350571132918,"11"
"2037",204.255729058718,94,11,6,"B",61.6350571132918,"11"
"2038",203.692696734539,96,11,6,"B",61.6350571132918,"11"
"2039",203.078917905223,98,11,6,"B",61.6350571132918,"11"
"2040",202.426244159644,100,11,6,"B",61.6350571132918,"11"
"2041",201.747031356878,102,11,6,"B",61.6350571132918,"11"
"2042",201.053885698124,104,11,6,"B",61.6350571132918,"11"
"2043",200.35940478171,106,11,6,"B",61.6350571132918,"11"
"2044",199.675915019336,108,11,6,"B",61.6350571132918,"11"
"2045",199.015218167329,110,11,6,"B",61.6350571132918,"11"
"2046",198.388332800757,112,11,6,"B",61.6350571132918,"11"
"2047",197.805251077071,114,11,6,"B",61.6350571132918,"11"
"2048",197.274720516934,116,11,6,"B",61.6350571132918,"11"
"2049",196.804046467149,118,11,6,"B",61.6350571132918,"11"
"2050",196.3989503481,120,11,6,"B",61.6350571132918,"11"
"2051",196.063407206239,122,11,6,"B",61.6350571132918,"11"
"2052",195.799538223078,124,11,6,"B",61.6350571132918,"11"
"2053",195.607550589763,126,11,6,"B",61.6350571132918,"11"
"2054",195.485678732834,128,11,6,"B",61.6350571132918,"11"
"2055",195.430200425018,130,11,6,"B",61.6350571132918,"11"
"2056",195.435487916489,132,11,6,"B",61.6350571132918,"11"
"2057",195.494093218903,134,11,6,"B",61.6350571132918,"11"
"2058",195.596871015689,136,11,6,"B",61.6350571132918,"11"
"2059",195.73312214063,138,11,6,"B",61.6350571132918,"11"
"2060",195.890789198333,140,11,6,"B",61.6350571132918,"11"
"2061",196.056678317972,142,11,6,"B",61.6350571132918,"11"
"2062",196.216692399964,144,11,6,"B",61.6350571132918,"11"
"2063",196.356100334122,146,11,6,"B",61.6350571132918,"11"
"2064",196.45982137013,148,11,6,"B",61.6350571132918,"11"
"2065",196.51271751922,150,11,6,"B",61.6350571132918,"11"
"2066",196.49989025726,152,11,6,"B",61.6350571132918,"11"
"2067",196.406984874362,154,11,6,"B",61.6350571132918,"11"
"2068",196.22048472819,156,11,6,"B",61.6350571132918,"11"
"2069",195.927997040108,158,11,6,"B",61.6350571132918,"11"
"2070",195.518549116287,160,11,6,"B",61.6350571132918,"11"
"2071",194.982828706364,162,11,6,"B",61.6350571132918,"11"
"2072",194.31340996149,164,11,6,"B",61.6350571132918,"11"
"2073",193.504977475384,166,11,6,"B",61.6350571132918,"11"
"2074",192.554503481441,168,11,6,"B",61.6350571132918,"11"
"2075",191.461358016316,170,11,6,"B",61.6350571132918,"11"
"2076",190.227414119633,172,11,6,"B",61.6350571132918,"11"
"2077",188.857093835738,174,11,6,"B",61.6350571132918,"11"
"2078",187.357398941354,176,11,6,"B",61.6350571132918,"11"
"2079",185.737875455914,178,11,6,"B",61.6350571132918,"11"
"2080",184.010534047115,180,11,6,"B",61.6350571132918,"11"
"2081",182.189737317026,182,11,6,"B",61.6350571132918,"11"
"2082",180.292025031455,184,11,6,"B",61.6350571132918,"11"
"2083",178.3358736109,186,11,6,"B",61.6350571132918,"11"
"2084",176.341396379975,188,11,6,"B",61.6350571132918,"11"
"2085",174.330070756242,190,11,6,"B",61.6350571132918,"11"
"2086",172.324447646174,192,11,6,"B",61.6350571132918,"11"
"2087",170.347842827586,194,11,6,"B",61.6350571132918,"11"
"2088",168.424017863231,196,11,6,"B",61.6350571132918,"11"
"2089",166.576843171958,198,11,6,"B",61.6350571132918,"11"
"2090",164.829951110938,200,11,6,"B",61.6350571132918,"11"
"2091",163.206393433474,202,11,6,"B",61.6350571132918,"11"
"2092",161.728307946196,204,11,6,"B",61.6350571132918,"11"
"2093",160.41659037969,206,11,6,"B",61.6350571132918,"11"
"2094",159.290584951775,208,11,6,"B",61.6350571132918,"11"
"2095",158.367809641282,210,11,6,"B",61.6350571132918,"11"
"2096",157.663691409328,212,11,6,"B",61.6350571132918,"11"
"2097",157.191283964691,214,11,6,"B",61.6350571132918,"11"
"2098",156.961068484051,216,11,6,"B",61.6350571132918,"11"
"2099",156.980801771549,218,11,6,"B",61.6350571132918,"11"
"2100",157.255393086761,220,11,6,"B",61.6350571132918,"11"
"2101",157.786839070135,222,11,6,"B",61.6350571132918,"11"
"2102",158.574159456343,224,11,6,"B",61.6350571132918,"11"
"2103",159.613347069968,226,11,6,"B",61.6350571132918,"11"
"2104",160.897414172009,228,11,6,"B",61.6350571132918,"11"
"2105",162.416503781774,230,11,6,"B",61.6350571132918,"11"
"2106",164.157997477425,232,11,6,"B",61.6350571132918,"11"
"2107",166.106639458596,234,11,6,"B",61.6350571132918,"11"
"2108",168.244712896669,236,11,6,"B",61.6350571132918,"11"
"2109",170.552298651633,238,11,6,"B",61.6350571132918,"11"
"2110",173.007568788463,240,11,6,"B",61.6350571132918,"11"
"2111",175.587071623598,242,11,6,"B",61.6350571132918,"11"
"2112",178.26605355784,244,11,6,"B",61.6350571132918,"11"
"2113",181.018799895313,246,11,6,"B",61.6350571132918,"11"
"2114",183.818988590099,248,11,6,"B",61.6350571132918,"11"
"2115",186.640060748149,250,11,6,"B",61.6350571132918,"11"
"2116",189.455584625534,252,11,6,"B",61.6350571132918,"11"
"2117",192.239623656069,254,11,6,"B",61.6350571132918,"11"
"2118",194.967092200579,256,11,6,"B",61.6350571132918,"11"
"2119",197.614099544709,258,11,6,"B",61.6350571132918,"11"
"2120",200.158274747379,260,11,6,"B",61.6350571132918,"11"
"2121",202.579046984723,262,11,6,"B",61.6350571132918,"11"
"2122",204.857896933328,264,11,6,"B",61.6350571132918,"11"
"2123",206.978594610781,266,11,6,"B",61.6350571132918,"11"
"2124",208.927383167298,268,11,6,"B",61.6350571132918,"11"
"2125",210.693130518917,270,11,6,"B",61.6350571132918,"11"
"2126",212.267433081781,272,11,6,"B",61.6350571132918,"11"
"2127",213.644682333097,274,11,6,"B",61.6350571132918,"11"
"2128",214.822090614499,276,11,6,"B",61.6350571132918,"11"
"2129",215.799646227175,278,11,6,"B",61.6350571132918,"11"
"2130",216.580025501522,280,11,6,"B",61.6350571132918,"11"
"2131",217.168477347577,282,11,6,"B",61.6350571132918,"11"
"2132",217.572646685797,284,11,6,"B",61.6350571132918,"11"
"2133",217.802364114046,286,11,6,"B",61.6350571132918,"11"
"2134",217.869433844675,288,11,6,"B",61.6350571132918,"11"
"2135",217.787350157048,290,11,6,"B",61.6350571132918,"11"
"2136",217.571016176562,292,11,6,"B",61.6350571132918,"11"
"2137",217.236436898361,294,11,6,"B",61.6350571132918,"11"
"2138",216.800380479096,296,11,6,"B",61.6350571132918,"11"
"2139",216.280050436476,298,11,6,"B",61.6350571132918,"11"
"2140",215.692749306145,300,11,6,"B",61.6350571132918,"11"
"2141",215.055546915063,302,11,6,"B",61.6350571132918,"11"
"2142",214.384957124525,304,11,6,"B",61.6350571132918,"11"
"2143",213.696639569952,306,11,6,"B",61.6350571132918,"11"
"2144",213.005113825551,308,11,6,"B",61.6350571132918,"11"
"2145",212.323493677116,310,11,6,"B",61.6350571132918,"11"
"2146",211.663268294271,312,11,6,"B",61.6350571132918,"11"
"2147",211.034105434145,314,11,6,"B",61.6350571132918,"11"
"2148",210.443688629735,316,11,6,"B",61.6350571132918,"11"
"2149",209.897604848072,318,11,6,"B",61.6350571132918,"11"
"2150",209.399264958456,320,11,6,"B",61.6350571132918,"11"
"2151",208.949856455972,322,11,6,"B",61.6350571132918,"11"
"2152",208.548371112905,324,11,6,"B",61.6350571132918,"11"
"2153",208.191646390849,326,11,6,"B",61.6350571132918,"11"
"2154",207.874447675651,328,11,6,"B",61.6350571132918,"11"
"2155",207.589605501191,330,11,6,"B",61.6350571132918,"11"
"2156",207.328176291024,332,11,6,"B",61.6350571132918,"11"
"2157",207.079632390878,334,11,6,"B",61.6350571132918,"11"
"2158",206.832103882475,336,11,6,"B",61.6350571132918,"11"
"2159",206.572624509146,338,11,6,"B",61.6350571132918,"11"
"2160",206.28739112562,340,11,6,"B",61.6350571132918,"11"
"2161",205.962052093914,342,11,6,"B",61.6350571132918,"11"
"2162",205.581995129986,344,11,6,"B",61.6350571132918,"11"
"2163",205.132641014705,346,11,6,"B",61.6350571132918,"11"
"2164",204.599734159482,348,11,6,"B",61.6350571132918,"11"
"2165",203.969626456583,350,11,6,"B",61.6350571132918,"11"
"2166",203.229552001067,352,11,6,"B",61.6350571132918,"11"
"2167",202.367874775244,354,11,6,"B",61.6350571132918,"11"
"2168",201.37431290893,356,11,6,"B",61.6350571132918,"11"
"2169",200.240154926005,358,11,6,"B",61.6350571132918,"11"
"2170",198.958445667163,360,11,6,"B",61.6350571132918,"11"
"2171",197.524099052798,362,11,6,"B",61.6350571132918,"11"
"2172",195.934002680551,364,11,6,"B",61.6350571132918,"11"
"2173",194.187087911679,366,11,6,"B",61.6350571132918,"11"
"2174",192.284343349403,368,11,6,"B",61.6350571132918,"11"
"2175",190.228786774634,370,11,6,"B",61.6350571132918,"11"
"2176",188.025415319605,372,11,6,"B",61.6350571132918,"11"
"2177",185.681101263233,374,11,6,"B",61.6350571132918,"11"
"2178",183.204441030322,376,11,6,"B",61.6350571132918,"11"
"2179",180.605581631259,378,11,6,"B",61.6350571132918,"11"
"2180",177.895979115528,380,11,6,"B",61.6350571132918,"11"
"2181",175.088130890432,382,11,6,"B",61.6350571132918,"11"
"2182",172.195271104625,384,11,6,"B",61.6350571132918,"11"
"2183",169.23101994756,386,11,6,"B",61.6350571132918,"11"
"2184",166.209003550293,388,11,6,"B",61.6350571132918,"11"
"2185",163.142437913877,390,11,6,"B",61.6350571132918,"11"
"2186",160.043686451426,392,11,6,"B",61.6350571132918,"11"
"2187",156.923779749689,394,11,6,"B",61.6350571132918,"11"
"2188",153.791922619859,396,11,6,"B",61.6350571132918,"11"
"2189",150.654990498893,398,11,6,"B",61.6350571132918,"11"
"2190",193.498275897325,2,12,6,"B",67.7339494941491,"12"
"2191",194.02199491758,4,12,6,"B",67.7339494941491,"12"
"2192",194.54511753564,6,12,6,"B",67.7339494941491,"12"
"2193",195.066960365925,8,12,6,"B",67.7339494941491,"12"
"2194",195.586607899826,10,12,6,"B",67.7339494941491,"12"
"2195",196.102930281531,12,12,6,"B",67.7339494941491,"12"
"2196",196.614601482377,14,12,6,"B",67.7339494941491,"12"
"2197",197.120116832207,16,12,6,"B",67.7339494941491,"12"
"2198",197.617808100399,18,12,6,"B",67.7339494941491,"12"
"2199",198.105857721231,20,12,6,"B",67.7339494941491,"12"
"2200",198.582314054699,22,12,6,"B",67.7339494941491,"12"
"2201",199.045105792044,24,12,6,"B",67.7339494941491,"12"
"2202",199.492056430011,26,12,6,"B",67.7339494941491,"12"
"2203",199.920899744096,28,12,6,"B",67.7339494941491,"12"
"2204",200.329295515333,30,12,6,"B",67.7339494941491,"12"
"2205",200.714846209635,32,12,6,"B",67.7339494941491,"12"
"2206",201.075115329215,34,12,6,"B",67.7339494941491,"12"
"2207",201.407646538406,36,12,6,"B",67.7339494941491,"12"
"2208",201.709983113297,38,12,6,"B",67.7339494941491,"12"
"2209",201.979688816648,40,12,6,"B",67.7339494941491,"12"
"2210",202.214369598367,42,12,6,"B",67.7339494941491,"12"
"2211",202.411695953592,44,12,6,"B",67.7339494941491,"12"
"2212",202.569426045856,46,12,6,"B",67.7339494941491,"12"
"2213",202.685429545667,48,12,6,"B",67.7339494941491,"12"
"2214",202.757712121839,50,12,6,"B",67.7339494941491,"12"
"2215",202.784439286431,52,12,6,"B",67.7339494941491,"12"
"2216",202.763959867679,54,12,6,"B",67.7339494941491,"12"
"2217",202.694830500584,56,12,6,"B",67.7339494941491,"12"
"2218",202.575835339728,58,12,6,"B",67.7339494941491,"12"
"2219",202.406008112685,60,12,6,"B",67.7339494941491,"12"
"2220",202.184651987774,62,12,6,"B",67.7339494941491,"12"
"2221",201.911354311887,64,12,6,"B",67.7339494941491,"12"
"2222",201.585998764604,66,12,6,"B",67.7339494941491,"12"
"2223",201.208779493932,68,12,6,"B",67.7339494941491,"12"
"2224",200.780210230616,70,12,6,"B",67.7339494941491,"12"
"2225",200.301128842164,72,12,6,"B",67.7339494941491,"12"
"2226",199.772699402512,74,12,6,"B",67.7339494941491,"12"
"2227",199.196410426303,76,12,6,"B",67.7339494941491,"12"
"2228",198.57406602524,78,12,6,"B",67.7339494941491,"12"
"2229",197.9077776402,80,12,6,"B",67.7339494941491,"12"
"2230",197.19995292437,82,12,6,"B",67.7339494941491,"12"
"2231",196.453278270937,84,12,6,"B",67.7339494941491,"12"
"2232",195.670696324218,86,12,6,"B",67.7339494941491,"12"
"2233",194.855380227796,88,12,6,"B",67.7339494941491,"12"
"2234",194.010706751122,90,12,6,"B",67.7339494941491,"12"
"2235",193.140223639062,92,12,6,"B",67.7339494941491,"12"
"2236",192.24761466592,94,12,6,"B",67.7339494941491,"12"
"2237",191.336666493868,96,12,6,"B",67.7339494941491,"12"
"2238",190.411231955937,98,12,6,"B",67.7339494941491,"12"
"2239",189.47519201612,100,12,6,"B",67.7339494941491,"12"
"2240",188.532418098413,102,12,6,"B",67.7339494941491,"12"
"2241",187.586734563104,104,12,6,"B",67.7339494941491,"12"
"2242",186.641881608557,106,12,6,"B",67.7339494941491,"12"
"2243",185.701480849163,108,12,6,"B",67.7339494941491,"12"
"2244",184.769000815106,110,12,6,"B",67.7339494941491,"12"
"2245",183.847723125632,112,12,6,"B",67.7339494941491,"12"
"2246",182.940716399689,114,12,6,"B",67.7339494941491,"12"
"2247",182.050813558481,116,12,6,"B",67.7339494941491,"12"
"2248",181.180588896795,118,12,6,"B",67.7339494941491,"12"
"2249",180.332342922603,120,12,6,"B",67.7339494941491,"12"
"2250",179.508093646215,122,12,6,"B",67.7339494941491,"12"
"2251",178.709564885486,124,12,6,"B",67.7339494941491,"12"
"2252",177.938179130537,126,12,6,"B",67.7339494941491,"12"
"2253",177.195062190143,128,12,6,"B",67.7339494941491,"12"
"2254",176.481050663175,130,12,6,"B",67.7339494941491,"12"
"2255",175.796702926666,132,12,6,"B",67.7339494941491,"12"
"2256",175.14231349725,134,12,6,"B",67.7339494941491,"12"
"2257",174.517933548707,136,12,6,"B",67.7339494941491,"12"
"2258",173.923394799698,138,12,6,"B",67.7339494941491,"12"
"2259",173.358336008961,140,12,6,"B",67.7339494941491,"12"
"2260",172.822233268354,142,12,6,"B",67.7339494941491,"12"
"2261",172.314432038027,144,12,6,"B",67.7339494941491,"12"
"2262",171.834180093073,146,12,6,"B",67.7339494941491,"12"
"2263",171.380662364465,148,12,6,"B",67.7339494941491,"12"
"2264",170.953037123955,150,12,6,"B",67.7339494941491,"12"
"2265",170.550471652212,152,12,6,"B",67.7339494941491,"12"
"2266",170.172177038534,154,12,6,"B",67.7339494941491,"12"
"2267",169.817441290933,156,12,6,"B",67.7339494941491,"12"
"2268",169.485660874166,158,12,6,"B",67.7339494941491,"12"
"2269",169.176368883625,160,12,6,"B",67.7339494941491,"12"
"2270",168.889260482666,162,12,6,"B",67.7339494941491,"12"
"2271",168.624215670175,164,12,6,"B",67.7339494941491,"12"
"2272",168.381317230885,166,12,6,"B",67.7339494941491,"12"
"2273",168.160863664467,168,12,6,"B",67.7339494941491,"12"
"2274",167.963379700717,170,12,6,"B",67.7339494941491,"12"
"2275",167.789620793937,172,12,6,"B",67.7339494941491,"12"
"2276",167.640569563966,174,12,6,"B",67.7339494941491,"12"
"2277",167.517429583814,176,12,6,"B",67.7339494941491,"12"
"2278",167.421616133888,178,12,6,"B",67.7339494941491,"12"
"2279",167.354737480998,180,12,6,"B",67.7339494941491,"12"
"2280",167.318570204586,182,12,6,"B",67.7339494941491,"12"
"2281",167.315036899551,184,12,6,"B",67.7339494941491,"12"
"2282",167.346175760197,186,12,6,"B",67.7339494941491,"12"
"2283",167.414103916822,188,12,6,"B",67.7339494941491,"12"
"2284",167.520981603527,190,12,6,"B",67.7339494941491,"12"
"2285",167.668972667216,192,12,6,"B",67.7339494941491,"12"
"2286",167.860201838501,194,12,6,"B",67.7339494941491,"12"
"2287",168.096709574796,196,12,6,"B",67.7339494941491,"12"
"2288",168.380406881738,198,12,6,"B",67.7339494941491,"12"
"2289",168.713033804252,200,12,6,"B",67.7339494941491,"12"
"2290",169.096120071543,202,12,6,"B",67.7339494941491,"12"
"2291",169.530938461538,204,12,6,"B",67.7339494941491,"12"
"2292",170.01846907512,206,12,6,"B",67.7339494941491,"12"
"2293",170.559364569056,208,12,6,"B",67.7339494941491,"12"
"2294",171.153920262242,210,12,6,"B",67.7339494941491,"12"
"2295",171.802049800965,212,12,6,"B",67.7339494941491,"12"
"2296",172.503265011261,214,12,6,"B",67.7339494941491,"12"
"2297",173.256663183779,216,12,6,"B",67.7339494941491,"12"
"2298",174.060926023936,218,12,6,"B",67.7339494941491,"12"
"2299",174.914315612357,220,12,6,"B",67.7339494941491,"12"
"2300",175.814684343481,222,12,6,"B",67.7339494941491,"12"
"2301",176.75948962348,224,12,6,"B",67.7339494941491,"12"
"2302",177.745811217215,226,12,6,"B",67.7339494941491,"12"
"2303",178.770373922343,228,12,6,"B",67.7339494941491,"12"
"2304",179.82957944908,230,12,6,"B",67.7339494941491,"12"
"2305",180.919539446955,232,12,6,"B",67.7339494941491,"12"
"2306",182.036120905984,234,12,6,"B",67.7339494941491,"12"
"2307",183.174991547653,236,12,6,"B",67.7339494941491,"12"
"2308",184.331664953888,238,12,6,"B",67.7339494941491,"12"
"2309",185.501554930123,240,12,6,"B",67.7339494941491,"12"
"2310",186.680028393952,242,12,6,"B",67.7339494941491,"12"
"2311",187.862458540104,244,12,6,"B",67.7339494941491,"12"
"2312",189.044278306848,246,12,6,"B",67.7339494941491,"12"
"2313",190.22103149767,248,12,6,"B",67.7339494941491,"12"
"2314",191.388425578103,250,12,6,"B",67.7339494941491,"12"
"2315",192.542379671173,252,12,6,"B",67.7339494941491,"12"
"2316",193.679065754443,254,12,6,"B",67.7339494941491,"12"
"2317",194.794947595561,256,12,6,"B",67.7339494941491,"12"
"2318",195.886815464157,258,12,6,"B",67.7339494941491,"12"
"2319",196.951812701617,260,12,6,"B",67.7339494941491,"12"
"2320",197.98745673415,262,12,6,"B",67.7339494941491,"12"
"2321",198.99166298025,264,12,6,"B",67.7339494941491,"12"
"2322",199.962752922087,266,12,6,"B",67.7339494941491,"12"
"2323",200.899452664238,268,12,6,"B",67.7339494941491,"12"
"2324",201.800888414473,270,12,6,"B",67.7339494941491,"12"
"2325",202.666576596137,272,12,6,"B",67.7339494941491,"12"
"2326",203.496405611964,274,12,6,"B",67.7339494941491,"12"
"2327",204.290609534336,276,12,6,"B",67.7339494941491,"12"
"2328",205.049735051671,278,12,6,"B",67.7339494941491,"12"
"2329",205.774600511485,280,12,6,"B",67.7339494941491,"12"
"2330",206.466254268815,282,12,6,"B",67.7339494941491,"12"
"2331",207.125929634357,284,12,6,"B",67.7339494941491,"12"
"2332",207.754993044725,286,12,6,"B",67.7339494941491,"12"
"2333",208.354889929708,288,12,6,"B",67.7339494941491,"12"
"2334",208.927090369206,290,12,6,"B",67.7339494941491,"12"
"2335",209.473031990589,292,12,6,"B",67.7339494941491,"12"
"2336",209.994064896454,294,12,6,"B",67.7339494941491,"12"
"2337",210.491396927408,296,12,6,"B",67.7339494941491,"12"
"2338",210.966040899319,298,12,6,"B",67.7339494941491,"12"
"2339",211.418766662203,300,12,6,"B",67.7339494941491,"12"
"2340",211.850054951944,302,12,6,"B",67.7339494941491,"12"
"2341",212.260055998449,304,12,6,"B",67.7339494941491,"12"
"2342",212.648556912647,306,12,6,"B",67.7339494941491,"12"
"2343",213.014952357204,308,12,6,"B",67.7339494941491,"12"
"2344",213.35822365267,310,12,6,"B",67.7339494941491,"12"
"2345",213.676923367078,312,12,6,"B",67.7339494941491,"12"
"2346",213.969173794333,314,12,6,"B",67.7339494941491,"12"
"2347",214.232666912426,316,12,6,"B",67.7339494941491,"12"
"2348",214.464675323363,318,12,6,"B",67.7339494941491,"12"
"2349",214.662072946475,320,12,6,"B",67.7339494941491,"12"
"2350",214.821362987241,322,12,6,"B",67.7339494941491,"12"
"2351",214.938713243319,324,12,6,"B",67.7339494941491,"12"
"2352",215.010000488194,326,12,6,"B",67.7339494941491,"12"
"2353",215.030864885956,328,12,6,"B",67.7339494941491,"12"
"2354",214.996767044935,330,12,6,"B",67.7339494941491,"12"
"2355",214.903052646203,332,12,6,"B",67.7339494941491,"12"
"2356",214.745021090938,334,12,6,"B",67.7339494941491,"12"
"2357",214.517998209903,336,12,6,"B",67.7339494941491,"12"
"2358",214.217420479917,338,12,6,"B",67.7339494941491,"12"
"2359",213.838891676868,340,12,6,"B",67.7339494941491,"12"
"2360",213.378266448163,342,12,6,"B",67.7339494941491,"12"
"2361",212.831729045045,344,12,6,"B",67.7339494941491,"12"
"2362",212.195867926061,346,12,6,"B",67.7339494941491,"12"
"2363",211.467745339503,348,12,6,"B",67.7339494941491,"12"
"2364",210.644965381806,350,12,6,"B",67.7339494941491,"12"
"2365",209.725725809643,352,12,6,"B",67.7339494941491,"12"
"2366",208.708867710986,354,12,6,"B",67.7339494941491,"12"
"2367",207.593922408482,356,12,6,"B",67.7339494941491,"12"
"2368",206.38113565258,358,12,6,"B",67.7339494941491,"12"
"2369",205.071479721143,360,12,6,"B",67.7339494941491,"12"
"2370",203.666666213042,362,12,6,"B",67.7339494941491,"12"
"2371",202.16914455858,364,12,6,"B",67.7339494941491,"12"
"2372",200.582084394145,366,12,6,"B",67.7339494941491,"12"
"2373",198.909349731623,368,12,6,"B",67.7339494941491,"12"
"2374",197.155451659202,370,12,6,"B",67.7339494941491,"12"
"2375",195.325489061297,372,12,6,"B",67.7339494941491,"12"
"2376",193.425078457636,374,12,6,"B",67.7339494941491,"12"
"2377",191.460273160117,376,12,6,"B",67.7339494941491,"12"
"2378",189.43747160913,378,12,6,"B",67.7339494941491,"12"
"2379",187.363311497675,380,12,6,"B",67.7339494941491,"12"
"2380",185.244556855582,382,12,6,"B",67.7339494941491,"12"
"2381",183.087976560399,384,12,6,"B",67.7339494941491,"12"
"2382",180.900214968455,386,12,6,"B",67.7339494941491,"12"
"2383",178.687655059075,388,12,6,"B",67.7339494941491,"12"
"2384",176.456276416999,390,12,6,"B",67.7339494941491,"12"
"2385",174.211506229351,392,12,6,"B",67.7339494941491,"12"
"2386",171.958060720955,394,12,6,"B",67.7339494941491,"12"
"2387",169.699783959257,396,12,6,"B",67.7339494941491,"12"
"2388",167.439486284853,398,12,6,"B",67.7339494941491,"12"
"2389",185.765153690887,2,13,7,"E",73.7622992709295,"13"
"2390",185.611826129149,4,13,7,"E",73.7622992709295,"13"
"2391",185.460055122181,6,13,7,"E",73.7622992709295,"13"
"2392",185.311944544018,8,13,7,"E",73.7622992709295,"13"
"2393",185.170297594718,10,13,7,"E",73.7622992709295,"13"
"2394",185.03844527089,12,13,7,"E",73.7622992709295,"13"
"2395",184.920090102172,14,13,7,"E",73.7622992709295,"13"
"2396",184.819151226058,16,13,7,"E",73.7622992709295,"13"
"2397",184.739617103761,18,13,7,"E",73.7622992709295,"13"
"2398",184.685408984858,20,13,7,"E",73.7622992709295,"13"
"2399",184.660253883451,22,13,7,"E",73.7622992709295,"13"
"2400",184.667567461267,24,13,7,"E",73.7622992709295,"13"
"2401",184.710344603995,26,13,7,"E",73.7622992709295,"13"
"2402",184.791064939852,28,13,7,"E",73.7622992709295,"13"
"2403",184.911616202488,30,13,7,"E",73.7622992709295,"13"
"2404",185.073230300334,32,13,7,"E",73.7622992709295,"13"
"2405",185.276429231806,34,13,7,"E",73.7622992709295,"13"
"2406",185.520988304408,36,13,7,"E",73.7622992709295,"13"
"2407",185.805916617591,38,13,7,"E",73.7622992709295,"13"
"2408",186.129445020987,40,13,7,"E",73.7622992709295,"13"
"2409",186.489037743224,42,13,7,"E",73.7622992709295,"13"
"2410",186.881421853088,44,13,7,"E",73.7622992709295,"13"
"2411",187.302620615871,46,13,7,"E",73.7622992709295,"13"
"2412",187.748003956102,48,13,7,"E",73.7622992709295,"13"
"2413",188.212354570919,50,13,7,"E",73.7622992709295,"13"
"2414",188.689945964692,52,13,7,"E",73.7622992709295,"13"
"2415",189.174634391347,54,13,7,"E",73.7622992709295,"13"
"2416",189.659952483498,56,13,7,"E",73.7622992709295,"13"
"2417",190.139215397511,58,13,7,"E",73.7622992709295,"13"
"2418",190.605631205053,60,13,7,"E",73.7622992709295,"13"
"2419",191.052413414157,62,13,7,"E",73.7622992709295,"13"
"2420",191.472893900199,64,13,7,"E",73.7622992709295,"13"
"2421",191.860633242721,66,13,7,"E",73.7622992709295,"13"
"2422",192.209527978546,68,13,7,"E",73.7622992709295,"13"
"2423",192.513906958153,70,13,7,"E",73.7622992709295,"13"
"2424",192.768632046855,72,13,7,"E",73.7622992709295,"13"
"2425",192.969189955758,74,13,7,"E",73.7622992709295,"13"
"2426",193.111764339401,76,13,7,"E",73.7622992709295,"13"
"2427",193.193300744076,78,13,7,"E",73.7622992709295,"13"
"2428",193.211552280837,80,13,7,"E",73.7622992709295,"13"
"2429",193.165125904208,82,13,7,"E",73.7622992709295,"13"
"2430",193.05351425866,84,13,7,"E",73.7622992709295,"13"
"2431",192.877094505679,86,13,7,"E",73.7622992709295,"13"
"2432",192.637124015362,88,13,7,"E",73.7622992709295,"13"
"2433",192.335721822175,90,13,7,"E",73.7622992709295,"13"
"2434",191.975830069303,92,13,7,"E",73.7622992709295,"13"
"2435",191.561171037102,94,13,7,"E",73.7622992709295,"13"
"2436",191.096185742363,96,13,7,"E",73.7622992709295,"13"
"2437",190.585958630853,98,13,7,"E",73.7622992709295,"13"
"2438",190.036138550651,100,13,7,"E",73.7622992709295,"13"
"2439",189.45284708765,102,13,7,"E",73.7622992709295,"13"
"2440",188.842579390395,104,13,7,"E",73.7622992709295,"13"
"2441",188.212099278661,106,13,7,"E",73.7622992709295,"13"
"2442",187.568325321194,108,13,7,"E",73.7622992709295,"13"
"2443",186.918217151753,110,13,7,"E",73.7622992709295,"13"
"2444",186.268658859617,112,13,7,"E",73.7622992709295,"13"
"2445",185.626345018505,114,13,7,"E",73.7622992709295,"13"
"2446",184.997669157235,116,13,7,"E",73.7622992709295,"13"
"2447",184.388615619902,118,13,7,"E",73.7622992709295,"13"
"2448",183.804660673188,120,13,7,"E",73.7622992709295,"13"
"2449",183.250681303159,122,13,7,"E",73.7622992709295,"13"
"2450",182.730884408703,124,13,7,"E",73.7622992709295,"13"
"2451",182.248737068788,126,13,7,"E",73.7622992709295,"13"
"2452",181.806907422823,128,13,7,"E",73.7622992709295,"13"
"2453",181.407222671686,130,13,7,"E",73.7622992709295,"13"
"2454",181.050631771398,132,13,7,"E",73.7622992709295,"13"
"2455",180.737185546459,134,13,7,"E",73.7622992709295,"13"
"2456",180.466036105003,136,13,7,"E",73.7622992709295,"13"
"2457",180.235443753672,138,13,7,"E",73.7622992709295,"13"
"2458",180.042823076033,140,13,7,"E",73.7622992709295,"13"
"2459",179.884796596658,142,13,7,"E",73.7622992709295,"13"
"2460",179.757259928022,144,13,7,"E",73.7622992709295,"13"
"2461",179.655455133269,146,13,7,"E",73.7622992709295,"13"
"2462",179.574053395049,148,13,7,"E",73.7622992709295,"13"
"2463",179.507260593084,150,13,7,"E",73.7622992709295,"13"
"2464",179.448922306188,152,13,7,"E",73.7622992709295,"13"
"2465",179.39263687311,154,13,7,"E",73.7622992709295,"13"
"2466",179.331878337645,156,13,7,"E",73.7622992709295,"13"
"2467",179.260119660085,158,13,7,"E",73.7622992709295,"13"
"2468",179.170957657421,160,13,7,"E",73.7622992709295,"13"
"2469",179.058234846725,162,13,7,"E",73.7622992709295,"13"
"2470",178.916162508984,164,13,7,"E",73.7622992709295,"13"
"2471",178.739439006393,166,13,7,"E",73.7622992709295,"13"
"2472",178.523356593631,168,13,7,"E",73.7622992709295,"13"
"2473",178.263902733177,170,13,7,"E",73.7622992709295,"13"
"2474",177.957851277582,172,13,7,"E",73.7622992709295,"13"
"2475",177.602857217305,174,13,7,"E",73.7622992709295,"13"
"2476",177.197518767689,176,13,7,"E",73.7622992709295,"13"
"2477",176.741419510144,178,13,7,"E",73.7622992709295,"13"
"2478",176.235174817657,180,13,7,"E",73.7622992709295,"13"
"2479",175.680454307424,182,13,7,"E",73.7622992709295,"13"
"2480",175.079984352499,184,13,7,"E",73.7622992709295,"13"
"2481",174.43755591801,186,13,7,"E",73.7622992709295,"13"
"2482",173.757989350581,188,13,7,"E",73.7622992709295,"13"
"2483",173.047072925328,190,13,7,"E",73.7622992709295,"13"
"2484",172.31149211781,192,13,7,"E",73.7622992709295,"13"
"2485",171.558741540026,194,13,7,"E",73.7622992709295,"13"
"2486",170.797036886578,196,13,7,"E",73.7622992709295,"13"
"2487",170.035222607398,198,13,7,"E",73.7622992709295,"13"
"2488",169.282662645803,200,13,7,"E",73.7622992709295,"13"
"2489",168.549118011141,202,13,7,"E",73.7622992709295,"13"
"2490",167.844624412401,204,13,7,"E",73.7622992709295,"13"
"2491",167.17936824013,206,13,7,"E",73.7622992709295,"13"
"2492",166.563557811085,208,13,7,"E",73.7622992709295,"13"
"2493",166.007293009925,210,13,7,"E",73.7622992709295,"13"
"2494",165.520431023886,212,13,7,"E",73.7622992709295,"13"
"2495",165.112451330955,214,13,7,"E",73.7622992709295,"13"
"2496",164.792329964379,216,13,7,"E",73.7622992709295,"13"
"2497",164.568421208454,218,13,7,"E",73.7622992709295,"13"
"2498",164.448337588112,220,13,7,"E",73.7622992709295,"13"
"2499",164.43884567104,222,13,7,"E",73.7622992709295,"13"
"2500",164.545774403873,224,13,7,"E",73.7622992709295,"13"
"2501",164.77392529779,226,13,7,"E",73.7622992709295,"13"
"2502",165.126991710975,228,13,7,"E",73.7622992709295,"13"
"2503",165.607504523069,230,13,7,"E",73.7622992709295,"13"
"2504",166.216781704969,232,13,7,"E",73.7622992709295,"13"
"2505",166.954883564732,234,13,7,"E",73.7622992709295,"13"
"2506",167.820595457904,236,13,7,"E",73.7622992709295,"13"
"2507",168.811434032744,238,13,7,"E",73.7622992709295,"13"
"2508",169.923658681594,240,13,7,"E",73.7622992709295,"13"
"2509",171.152303497308,242,13,7,"E",73.7622992709295,"13"
"2510",172.491227055381,244,13,7,"E",73.7622992709295,"13"
"2511",173.933171365878,246,13,7,"E",73.7622992709295,"13"
"2512",175.469824346387,248,13,7,"E",73.7622992709295,"13"
"2513",177.091901127559,250,13,7,"E",73.7622992709295,"13"
"2514",178.789239244436,252,13,7,"E",73.7622992709295,"13"
"2515",180.550902944905,254,13,7,"E",73.7622992709295,"13"
"2516",182.36529203222,256,13,7,"E",73.7622992709295,"13"
"2517",184.220264598961,258,13,7,"E",73.7622992709295,"13"
"2518",186.103265996262,260,13,7,"E",73.7622992709295,"13"
"2519",188.001462229571,262,13,7,"E",73.7622992709295,"13"
"2520",189.90187648154,264,13,7,"E",73.7622992709295,"13"
"2521",191.791523435593,266,13,7,"E",73.7622992709295,"13"
"2522",193.657545174456,268,13,7,"E",73.7622992709295,"13"
"2523",195.487346520603,270,13,7,"E",73.7622992709295,"13"
"2524",197.268720565631,272,13,7,"E",73.7622992709295,"13"
"2525",198.9899685407,274,13,7,"E",73.7622992709295,"13"
"2526",200.640007046771,276,13,7,"E",73.7622992709295,"13"
"2527",202.208473348778,278,13,7,"E",73.7622992709295,"13"
"2528",203.685824568567,280,13,7,"E",73.7622992709295,"13"
"2529",205.063418433744,282,13,7,"E",73.7622992709295,"13"
"2530",206.333583521109,284,13,7,"E",73.7622992709295,"13"
"2531",207.489690653729,286,13,7,"E",73.7622992709295,"13"
"2532",208.526205345652,288,13,7,"E",73.7622992709295,"13"
"2533",209.438723797642,290,13,7,"E",73.7622992709295,"13"
"2534",210.224000923231,292,13,7,"E",73.7622992709295,"13"
"2535",210.879945059072,294,13,7,"E",73.7622992709295,"13"
"2536",211.405613903963,296,13,7,"E",73.7622992709295,"13"
"2537",211.80120903034,298,13,7,"E",73.7622992709295,"13"
"2538",212.068037522714,300,13,7,"E",73.7622992709295,"13"
"2539",212.208461925808,302,13,7,"E",73.7622992709295,"13"
"2540",212.22585729622,304,13,7,"E",73.7622992709295,"13"
"2541",212.124546823937,306,13,7,"E",73.7622992709295,"13"
"2542",211.90973605098,308,13,7,"E",73.7622992709295,"13"
"2543",211.587433259162,310,13,7,"E",73.7622992709295,"13"
"2544",211.164359871802,312,13,7,"E",73.7622992709295,"13"
"2545",210.647865250803,314,13,7,"E",73.7622992709295,"13"
"2546",210.045828797125,316,13,7,"E",73.7622992709295,"13"
"2547",209.366558413373,318,13,7,"E",73.7622992709295,"13"
"2548",208.618697196016,320,13,7,"E",73.7622992709295,"13"
"2549",207.811126132868,322,13,7,"E",73.7622992709295,"13"
"2550",206.952864549475,324,13,7,"E",73.7622992709295,"13"
"2551",206.052977368525,326,13,7,"E",73.7622992709295,"13"
"2552",205.120485500803,328,13,7,"E",73.7622992709295,"13"
"2553",204.164279820858,330,13,7,"E",73.7622992709295,"13"
"2554",203.193038746267,332,13,7,"E",73.7622992709295,"13"
"2555",202.21515245416,334,13,7,"E",73.7622992709295,"13"
"2556",201.238653321347,336,13,7,"E",73.7622992709295,"13"
"2557",200.271155252827,338,13,7,"E",73.7622992709295,"13"
"2558",199.319794464174,340,13,7,"E",73.7622992709295,"13"
"2559",198.39117834612,342,13,7,"E",73.7622992709295,"13"
"2560",197.491347739918,344,13,7,"E",73.7622992709295,"13"
"2561",196.625741169252,346,13,7,"E",73.7622992709295,"13"
"2562",195.799162294274,348,13,7,"E",73.7622992709295,"13"
"2563",195.015763644139,350,13,7,"E",73.7622992709295,"13"
"2564",194.279037030629,352,13,7,"E",73.7622992709295,"13"
"2565",193.591797880525,354,13,7,"E",73.7622992709295,"13"
"2566",192.956187013752,356,13,7,"E",73.7622992709295,"13"
"2567",192.373687250761,358,13,7,"E",73.7622992709295,"13"
"2568",191.845133206763,360,13,7,"E",73.7622992709295,"13"
"2569",191.370726650437,362,13,7,"E",73.7622992709295,"13"
"2570",190.950064494043,364,13,7,"E",73.7622992709295,"13"
"2571",190.582161779607,366,13,7,"E",73.7622992709295,"13"
"2572",190.265484051994,368,13,7,"E",73.7622992709295,"13"
"2573",189.997994368083,370,13,7,"E",73.7622992709295,"13"
"2574",189.777195231584,372,13,7,"E",73.7622992709295,"13"
"2575",189.600176885856,374,13,7,"E",73.7622992709295,"13"
"2576",189.463674331855,376,13,7,"E",73.7622992709295,"13"
"2577",189.364130672029,378,13,7,"E",73.7622992709295,"13"
"2578",189.297766519227,380,13,7,"E",73.7622992709295,"13"
"2579",189.260649469021,382,13,7,"E",73.7622992709295,"13"
"2580",189.24876823706,384,13,7,"E",73.7622992709295,"13"
"2581",189.258113243512,386,13,7,"E",73.7622992709295,"13"
"2582",189.284760726226,388,13,7,"E",73.7622992709295,"13"
"2583",189.324961766795,390,13,7,"E",73.7622992709295,"13"
"2584",189.375230991288,392,13,7,"E",73.7622992709295,"13"
"2585",189.432440995559,394,13,7,"E",73.7622992709295,"13"
"2586",189.493925121905,396,13,7,"E",73.7622992709295,"13"
"2587",189.55758292208,398,13,7,"E",73.7622992709295,"13"
"2588",195.675944348107,2,14,7,"E",79.9142402925501,"14"
"2589",194.555114147271,4,14,7,"E",79.9142402925501,"14"
"2590",193.438269059092,6,14,7,"E",79.9142402925501,"14"
"2591",192.330267696717,8,14,7,"E",79.9142402925501,"14"
"2592",191.237497704862,10,14,7,"E",79.9142402925501,"14"
"2593",190.167568303743,12,14,7,"E",79.9142402925501,"14"
"2594",189.129017903186,14,14,7,"E",79.9142402925501,"14"
"2595",188.131014718738,16,14,7,"E",79.9142402925501,"14"
"2596",187.183081582511,18,14,7,"E",79.9142402925501,"14"
"2597",186.294829862741,20,14,7,"E",79.9142402925501,"14"
"2598",185.475707917619,22,14,7,"E",79.9142402925501,"14"
"2599",184.734768021039,24,14,7,"E",79.9142402925501,"14"
"2600",184.080451719633,26,14,7,"E",79.9142402925501,"14"
"2601",183.520399018767,28,14,7,"E",79.9142402925501,"14"
"2602",183.06127123802,30,14,7,"E",79.9142402925501,"14"
"2603",182.708604182826,32,14,7,"E",79.9142402925501,"14"
"2604",182.466700298469,34,14,7,"E",79.9142402925501,"14"
"2605",182.33852134545,36,14,7,"E",79.9142402925501,"14"
"2606",182.325628249262,38,14,7,"E",79.9142402925501,"14"
"2607",182.428134161539,40,14,7,"E",79.9142402925501,"14"
"2608",182.644656935683,42,14,7,"E",79.9142402925501,"14"
"2609",182.972327653638,44,14,7,"E",79.9142402925501,"14"
"2610",183.406838164367,46,14,7,"E",79.9142402925501,"14"
"2611",183.942486543933,48,14,7,"E",79.9142402925501,"14"
"2612",184.572251312774,50,14,7,"E",79.9142402925501,"14"
"2613",185.287879045696,52,14,7,"E",79.9142402925501,"14"
"2614",186.079981120987,54,14,7,"E",79.9142402925501,"14"
"2615",186.938157636281,56,14,7,"E",79.9142402925501,"14"
"2616",187.851138968331,58,14,7,"E",79.9142402925501,"14"
"2617",188.806933062121,60,14,7,"E",79.9142402925501,"14"
"2618",189.792969995809,62,14,7,"E",79.9142402925501,"14"
"2619",190.796264229594,64,14,7,"E",79.9142402925501,"14"
"2620",191.803580847721,66,14,7,"E",79.9142402925501,"14"
"2621",192.801602531405,68,14,7,"E",79.9142402925501,"14"
"2622",193.777097391089,70,14,7,"E",79.9142402925501,"14"
"2623",194.717084293757,72,14,7,"E",79.9142402925501,"14"
"2624",195.608992518967,74,14,7,"E",79.9142402925501,"14"
"2625",196.440817379157,76,14,7,"E",79.9142402925501,"14"
"2626",197.201266920649,78,14,7,"E",79.9142402925501,"14"
"2627",197.879889285968,80,14,7,"E",79.9142402925501,"14"
"2628",198.467202956962,82,14,7,"E",79.9142402925501,"14"
"2629",198.954802686128,84,14,7,"E",79.9142402925501,"14"
"2630",199.33544686532,86,14,7,"E",79.9142402925501,"14"
"2631",199.603135746283,88,14,7,"E",79.9142402925501,"14"
"2632",199.75317084784,90,14,7,"E",79.9142402925501,"14"
"2633",199.782193529479,92,14,7,"E",79.9142402925501,"14"
"2634",199.688214298869,94,14,7,"E",79.9142402925501,"14"
"2635",199.470613964754,96,14,7,"E",79.9142402925501,"14"
"2636",199.130113443943,98,14,7,"E",79.9142402925501,"14"
"2637",198.668749615284,100,14,7,"E",79.9142402925501,"14"
"2638",198.089825750606,102,14,7,"E",79.9142402925501,"14"
"2639",197.39783359363,104,14,7,"E",79.9142402925501,"14"
"2640",196.598372884463,106,14,7,"E",79.9142402925501,"14"
"2641",195.698046785594,108,14,7,"E",79.9142402925501,"14"
"2642",194.704344163327,110,14,7,"E",79.9142402925501,"14"
"2643",193.625529335408,112,14,7,"E",79.9142402925501,"14"
"2644",192.470522054016,114,14,7,"E",79.9142402925501,"14"
"2645",191.248764098604,116,14,7,"E",79.9142402925501,"14"
"2646",189.970089160697,118,14,7,"E",79.9142402925501,"14"
"2647",188.644589985071,120,14,7,"E",79.9142402925501,"14"
"2648",187.282480790751,122,14,7,"E",79.9142402925501,"14"
"2649",185.893963950021,124,14,7,"E",79.9142402925501,"14"
"2650",184.489099755375,126,14,7,"E",79.9142402925501,"14"
"2651",183.077682588143,128,14,7,"E",79.9142402925501,"14"
"2652",181.669127580798,130,14,7,"E",79.9142402925501,"14"
"2653",180.272365392903,132,14,7,"E",79.9142402925501,"14"
"2654",178.895747461621,134,14,7,"E",79.9142402925501,"14"
"2655",177.546970858759,136,14,7,"E",79.9142402925501,"14"
"2656",176.233009822287,138,14,7,"E",79.9142402925501,"14"
"2657",174.960054670168,140,14,7,"E",79.9142402925501,"14"
"2658",173.733469353906,142,14,7,"E",79.9142402925501,"14"
"2659",172.557777242812,144,14,7,"E",79.9142402925501,"14"
"2660",171.436644563828,146,14,7,"E",79.9142402925501,"14"
"2661",170.372877932202,148,14,7,"E",79.9142402925501,"14"
"2662",169.368428224355,150,14,7,"E",79.9142402925501,"14"
"2663",168.424424191492,152,14,7,"E",79.9142402925501,"14"
"2664",167.541217163395,154,14,7,"E",79.9142402925501,"14"
"2665",166.718424897923,156,14,7,"E",79.9142402925501,"14"
"2666",165.954992855918,158,14,7,"E",79.9142402925501,"14"
"2667",165.249259324056,160,14,7,"E",79.9142402925501,"14"
"2668",164.599028488935,162,14,7,"E",79.9142402925501,"14"
"2669",164.001654875696,164,14,7,"E",79.9142402925501,"14"
"2670",163.454133870913,166,14,7,"E",79.9142402925501,"14"
"2671",162.953191280781,168,14,7,"E",79.9142402925501,"14"
"2672",162.49537316611,170,14,7,"E",79.9142402925501,"14"
"2673",162.077138967105,172,14,7,"E",79.9142402925501,"14"
"2674",161.694952126086,174,14,7,"E",79.9142402925501,"14"
"2675",161.345366800071,176,14,7,"E",79.9142402925501,"14"
"2676",161.025110686528,178,14,7,"E",79.9142402925501,"14"
"2677",160.731158371112,180,14,7,"E",79.9142402925501,"14"
"2678",160.460800964432,182,14,7,"E",79.9142402925501,"14"
"2679",160.211704741335,184,14,7,"E",79.9142402925501,"14"
"2680",159.981961901844,186,14,7,"E",79.9142402925501,"14"
"2681",159.770131520718,188,14,7,"E",79.9142402925501,"14"
"2682",159.57527395371,190,14,7,"E",79.9142402925501,"14"
"2683",159.396966342556,192,14,7,"E",79.9142402925501,"14"
"2684",159.235306959894,194,14,7,"E",79.9142402925501,"14"
"2685",159.090921577528,196,14,7,"E",79.9142402925501,"14"
"2686",158.964951536225,198,14,7,"E",79.9142402925501,"14"
"2687",158.859032948008,200,14,7,"E",79.9142402925501,"14"
"2688",158.775270768739,202,14,7,"E",79.9142402925501,"14"
"2689",158.716206737767,204,14,7,"E",79.9142402925501,"14"
"2690",158.684775427657,206,14,7,"E",79.9142402925501,"14"
"2691",158.684233490849,208,14,7,"E",79.9142402925501,"14"
"2692",158.7180872158,210,14,7,"E",79.9142402925501,"14"
"2693",158.790016400142,212,14,7,"E",79.9142402925501,"14"
"2694",158.903795932606,214,14,7,"E",79.9142402925501,"14"
"2695",159.063216126602,216,14,7,"E",79.9142402925501,"14"
"2696",159.272001467815,218,14,7,"E",79.9142402925501,"14"
"2697",159.533730235861,220,14,7,"E",79.9142402925501,"14"
"2698",159.851753699843,222,14,7,"E",79.9142402925501,"14"
"2699",160.2291219058,224,14,7,"E",79.9142402925501,"14"
"2700",160.668507223656,226,14,7,"E",79.9142402925501,"14"
"2701",161.17214231973,228,14,7,"E",79.9142402925501,"14"
"2702",161.741761053448,230,14,7,"E",79.9142402925501,"14"
"2703",162.378543256998,232,14,7,"E",79.9142402925501,"14"
"2704",163.083080198059,234,14,7,"E",79.9142402925501,"14"
"2705",163.855334831436,236,14,7,"E",79.9142402925501,"14"
"2706",164.694615951641,238,14,7,"E",79.9142402925501,"14"
"2707",165.599559656075,240,14,7,"E",79.9142402925501,"14"
"2708",166.568119683914,242,14,7,"E",79.9142402925501,"14"
"2709",167.597582035285,244,14,7,"E",79.9142402925501,"14"
"2710",168.684575199888,246,14,7,"E",79.9142402925501,"14"
"2711",169.825095937147,248,14,7,"E",79.9142402925501,"14"
"2712",171.014548080023,250,14,7,"E",79.9142402925501,"14"
"2713",172.247778755505,252,14,7,"E",79.9142402925501,"14"
"2714",173.519131289139,254,14,7,"E",79.9142402925501,"14"
"2715",174.822502374631,256,14,7,"E",79.9142402925501,"14"
"2716",176.15140914234,258,14,7,"E",79.9142402925501,"14"
"2717",177.499058294079,260,14,7,"E",79.9142402925501,"14"
"2718",178.858417390182,262,14,7,"E",79.9142402925501,"14"
"2719",180.222292200431,264,14,7,"E",79.9142402925501,"14"
"2720",181.583404103229,266,14,7,"E",79.9142402925501,"14"
"2721",182.93446739378,268,14,7,"E",79.9142402925501,"14"
"2722",184.268266019628,270,14,7,"E",79.9142402925501,"14"
"2723",185.577728904915,272,14,7,"E",79.9142402925501,"14"
"2724",186.856005917277,274,14,7,"E",79.9142402925501,"14"
"2725",188.096535939189,276,14,7,"E",79.9142402925501,"14"
"2726",189.293112981806,278,14,7,"E",79.9142402925501,"14"
"2727",190.439945442631,280,14,7,"E",79.9142402925501,"14"
"2728",191.531707438518,282,14,7,"E",79.9142402925501,"14"
"2729",192.563584948085,284,14,7,"E",79.9142402925501,"14"
"2730",193.531316943132,286,14,7,"E",79.9142402925501,"14"
"2731",194.431229057284,288,14,7,"E",79.9142402925501,"14"
"2732",195.260260967657,290,14,7,"E",79.9142402925501,"14"
"2733",196.015976554282,292,14,7,"E",79.9142402925501,"14"
"2734",196.696574742874,294,14,7,"E",79.9142402925501,"14"
"2735",197.300895047935,296,14,7,"E",79.9142402925501,"14"
"2736",197.828409078605,298,14,7,"E",79.9142402925501,"14"
"2737",198.279215029671,300,14,7,"E",79.9142402925501,"14"
"2738",198.654023702968,302,14,7,"E",79.9142402925501,"14"
"2739",198.954127696726,304,14,7,"E",79.9142402925501,"14"
"2740",199.181373550348,306,14,7,"E",79.9142402925501,"14"
"2741",199.338125877654,308,14,7,"E",79.9142402925501,"14"
"2742",199.427224948443,310,14,7,"E",79.9142402925501,"14"
"2743",199.451943994027,312,14,7,"E",79.9142402925501,"14"
"2744",199.415944629459,314,14,7,"E",79.9142402925501,"14"
"2745",199.323225373852,316,14,7,"E",79.9142402925501,"14"
"2746",199.178073532812,318,14,7,"E",79.9142402925501,"14"
"2747",198.985015630677,320,14,7,"E",79.9142402925501,"14"
"2748",198.748764169954,322,14,7,"E",79.9142402925501,"14"
"2749",198.474167471574,324,14,7,"E",79.9142402925501,"14"
"2750",198.166159283826,326,14,7,"E",79.9142402925501,"14"
"2751",197.829706553075,328,14,7,"E",79.9142402925501,"14"
"2752",197.469759402152,330,14,7,"E",79.9142402925501,"14"
"2753",197.091202564895,332,14,7,"E",79.9142402925501,"14"
"2754",196.698809860623,334,14,7,"E",79.9142402925501,"14"
"2755",196.297200166135,336,14,7,"E",79.9142402925501,"14"
"2756",195.890799520954,338,14,7,"E",79.9142402925501,"14"
"2757",195.483807030682,340,14,7,"E",79.9142402925501,"14"
"2758",195.080162369613,342,14,7,"E",79.9142402925501,"14"
"2759",194.683518607312,344,14,7,"E",79.9142402925501,"14"
"2760",194.297219679151,346,14,7,"E",79.9142402925501,"14"
"2761",193.924279095038,348,14,7,"E",79.9142402925501,"14"
"2762",193.567367054475,350,14,7,"E",79.9142402925501,"14"
"2763",193.228795787529,352,14,7,"E",79.9142402925501,"14"
"2764",192.910512863457,354,14,7,"E",79.9142402925501,"14"
"2765",192.614096237159,356,14,7,"E",79.9142402925501,"14"
"2766",192.340751932637,358,14,7,"E",79.9142402925501,"14"
"2767",192.091326900097,360,14,7,"E",79.9142402925501,"14"
"2768",191.866316958332,362,14,7,"E",79.9142402925501,"14"
"2769",191.665876470907,364,14,7,"E",79.9142402925501,"14"
"2770",191.489835803866,366,14,7,"E",79.9142402925501,"14"
"2771",191.337720804199,368,14,7,"E",79.9142402925501,"14"
"2772",191.208769699634,370,14,7,"E",79.9142402925501,"14"
"2773",191.101957769002,372,14,7,"E",79.9142402925501,"14"
"2774",191.016024639677,374,14,7,"E",79.9142402925501,"14"
"2775",190.949503909205,376,14,7,"E",79.9142402925501,"14"
"2776",190.900754086993,378,14,7,"E",79.9142402925501,"14"
"2777",190.867993376534,380,14,7,"E",79.9142402925501,"14"
"2778",190.849336467424,382,14,7,"E",79.9142402925501,"14"
"2779",190.84283442108,384,14,7,"E",79.9142402925501,"14"
"2780",190.846517406129,386,14,7,"E",79.9142402925501,"14"
"2781",190.858440945787,388,14,7,"E",79.9142402925501,"14"
"2782",190.876736146466,390,14,7,"E",79.9142402925501,"14"
"2783",190.899664083856,392,14,7,"E",79.9142402925501,"14"
"2784",190.925672779712,394,14,7,"E",79.9142402925501,"14"
"2785",190.953457489284,396,14,7,"E",79.9142402925501,"14"
"2786",190.982030643084,398,14,7,"E",79.9142402925501,"14"
"2787",220.697522262269,2,15,8,"B",86.0080040887833,"15"
"2788",218.262997164143,4,15,8,"B",86.0080040887833,"15"
"2789",215.837871956039,6,15,8,"B",86.0080040887833,"15"
"2790",213.432150138778,8,15,8,"B",86.0080040887833,"15"
"2791",211.058636072491,10,15,8,"B",86.0080040887833,"15"
"2792",208.73235004342,12,15,8,"B",86.0080040887833,"15"
"2793",206.469947581692,14,15,8,"B",86.0080040887833,"15"
"2794",204.289180883373,16,15,8,"B",86.0080040887833,"15"
"2795",202.208396130607,18,15,8,"B",86.0080040887833,"15"
"2796",200.246050281695,20,15,8,"B",86.0080040887833,"15"
"2797",198.420265585271,22,15,8,"B",86.0080040887833,"15"
"2798",196.748417324941,24,15,8,"B",86.0080040887833,"15"
"2799",195.246756548037,26,15,8,"B",86.0080040887833,"15"
"2800",193.930059798164,28,15,8,"B",86.0080040887833,"15"
"2801",192.811329777818,30,15,8,"B",86.0080040887833,"15"
"2802",191.901515251276,32,15,8,"B",86.0080040887833,"15"
"2803",191.209276116167,34,15,8,"B",86.0080040887833,"15"
"2804",190.740786472762,36,15,8,"B",86.0080040887833,"15"
"2805",190.49962120512,38,15,8,"B",86.0080040887833,"15"
"2806",190.486665625325,40,15,8,"B",86.0080040887833,"15"
"2807",190.700026718351,42,15,8,"B",86.0080040887833,"15"
"2808",191.135015559448,44,15,8,"B",86.0080040887833,"15"
"2809",191.78422088974,46,15,8,"B",86.0080040887833,"15"
"2810",192.637572725562,48,15,8,"B",86.0080040887833,"15"
"2811",193.682434471005,50,15,8,"B",86.0080040887833,"15"
"2812",194.903753080892,52,15,8,"B",86.0080040887833,"15"
"2813",196.284246835469,54,15,8,"B",86.0080040887833,"15"
"2814",197.804626718003,56,15,8,"B",86.0080040887833,"15"
"2815",199.443841288797,58,15,8,"B",86.0080040887833,"15"
"2816",201.179344734257,60,15,8,"B",86.0080040887833,"15"
"2817",202.987415540062,62,15,8,"B",86.0080040887833,"15"
"2818",204.843478664302,64,15,8,"B",86.0080040887833,"15"
"2819",206.722422696827,66,15,8,"B",86.0080040887833,"15"
"2820",208.598930714311,68,15,8,"B",86.0080040887833,"15"
"2821",210.447812485294,70,15,8,"B",86.0080040887833,"15"
"2822",212.24434060958,72,15,8,"B",86.0080040887833,"15"
"2823",213.964571080969,74,15,8,"B",86.0080040887833,"15"
"2824",215.585646958206,76,15,8,"B",86.0080040887833,"15"
"2825",217.086097240219,78,15,8,"B",86.0080040887833,"15"
"2826",218.446095851744,80,15,8,"B",86.0080040887833,"15"
"2827",219.647709420056,82,15,8,"B",86.0080040887833,"15"
"2828",220.675156518718,84,15,8,"B",86.0080040887833,"15"
"2829",221.514975762143,86,15,8,"B",86.0080040887833,"15"
"2830",222.156154349256,88,15,8,"B",86.0080040887833,"15"
"2831",222.590250603215,90,15,8,"B",86.0080040887833,"15"
"2832",222.811480340805,92,15,8,"B",86.0080040887833,"15"
"2833",222.8167637431,94,15,8,"B",86.0080040887833,"15"
"2834",222.605764925808,96,15,8,"B",86.0080040887833,"15"
"2835",222.18083670851,98,15,8,"B",86.0080040887833,"15"
"2836",221.54695238725,100,15,8,"B",86.0080040887833,"15"
"2837",220.711629380072,102,15,8,"B",86.0080040887833,"15"
"2838",219.68479784932,104,15,8,"B",86.0080040887833,"15"
"2839",218.478648026265,106,15,8,"B",86.0080040887833,"15"
"2840",217.107460012809,108,15,8,"B",86.0080040887833,"15"
"2841",215.587369900973,110,15,8,"B",86.0080040887833,"15"
"2842",213.936134869154,112,15,8,"B",86.0080040887833,"15"
"2843",212.172886600085,114,15,8,"B",86.0080040887833,"15"
"2844",210.317844817025,116,15,8,"B",86.0080040887833,"15"
"2845",208.392027887705,118,15,8,"B",86.0080040887833,"15"
"2846",206.416966963274,120,15,8,"B",86.0080040887833,"15"
"2847",204.414411455529,122,15,8,"B",86.0080040887833,"15"
"2848",202.406036945612,124,15,8,"B",86.0080040887833,"15"
"2849",200.413152412845,126,15,8,"B",86.0080040887833,"15"
"2850",198.456415120706,128,15,8,"B",86.0080040887833,"15"
"2851",196.55556593363,130,15,8,"B",86.0080040887833,"15"
"2852",194.729157167603,132,15,8,"B",86.0080040887833,"15"
"2853",192.994296749435,134,15,8,"B",86.0080040887833,"15"
"2854",191.366433145527,136,15,8,"B",86.0080040887833,"15"
"2855",189.85916940214,138,15,8,"B",86.0080040887833,"15"
"2856",188.484112086375,140,15,8,"B",86.0080040887833,"15"
"2857",187.25073518753,142,15,8,"B",86.0080040887833,"15"
"2858",186.166244977585,144,15,8,"B",86.0080040887833,"15"
"2859",185.235548686025,146,15,8,"B",86.0080040887833,"15"
"2860",184.461227795282,148,15,8,"B",86.0080040887833,"15"
"2861",183.843508793487,150,15,8,"B",86.0080040887833,"15"
"2862",183.380321008927,152,15,8,"B",86.0080040887833,"15"
"2863",183.067346995326,154,15,8,"B",86.0080040887833,"15"
"2864",182.898113362185,156,15,8,"B",86.0080040887833,"15"
"2865",182.864150896652,158,15,8,"B",86.0080040887833,"15"
"2866",182.955149153496,160,15,8,"B",86.0080040887833,"15"
"2867",183.159137765538,162,15,8,"B",86.0080040887833,"15"
"2868",183.46270625951,164,15,8,"B",86.0080040887833,"15"
"2869",183.851219072038,166,15,8,"B",86.0080040887833,"15"
"2870",184.309060496638,168,15,8,"B",86.0080040887833,"15"
"2871",184.819889356349,170,15,8,"B",86.0080040887833,"15"
"2872",185.366892710539,172,15,8,"B",86.0080040887833,"15"
"2873",185.933055941685,174,15,8,"B",86.0080040887833,"15"
"2874",186.501431501225,176,15,8,"B",86.0080040887833,"15"
"2875",187.055407965407,178,15,8,"B",86.0080040887833,"15"
"2876",187.578980149377,180,15,8,"B",86.0080040887833,"15"
"2877",188.056995751731,182,15,8,"B",86.0080040887833,"15"
"2878",188.475404955294,184,15,8,"B",86.0080040887833,"15"
"2879",188.821477769131,186,15,8,"B",86.0080040887833,"15"
"2880",189.083988922652,188,15,8,"B",86.0080040887833,"15"
"2881",189.253400624131,190,15,8,"B",86.0080040887833,"15"
"2882",189.322015546277,192,15,8,"B",86.0080040887833,"15"
"2883",189.284135831195,194,15,8,"B",86.0080040887833,"15"
"2884",189.136197180502,196,15,8,"B",86.0080040887833,"15"
"2885",188.876830545151,198,15,8,"B",86.0080040887833,"15"
"2886",188.50689974238,200,15,8,"B",86.0080040887833,"15"
"2887",188.029423888766,202,15,8,"B",86.0080040887833,"15"
"2888",187.449455789912,204,15,8,"B",86.0080040887833,"15"
"2889",186.774010411147,206,15,8,"B",86.0080040887833,"15"
"2890",186.01196234974,208,15,8,"B",86.0080040887833,"15"
"2891",185.173894761607,210,15,8,"B",86.0080040887833,"15"
"2892",184.27194298296,212,15,8,"B",86.0080040887833,"15"
"2893",183.319650297151,214,15,8,"B",86.0080040887833,"15"
"2894",182.331802916359,216,15,8,"B",86.0080040887833,"15"
"2895",181.324235095511,218,15,8,"B",86.0080040887833,"15"
"2896",180.313607390601,220,15,8,"B",86.0080040887833,"15"
"2897",179.317170748032,222,15,8,"B",86.0080040887833,"15"
"2898",178.352525217226,224,15,8,"B",86.0080040887833,"15"
"2899",177.437370819419,226,15,8,"B",86.0080040887833,"15"
"2900",176.589255593387,228,15,8,"B",86.0080040887833,"15"
"2901",175.825327786356,230,15,8,"B",86.0080040887833,"15"
"2902",175.162089424978,232,15,8,"B",86.0080040887833,"15"
"2903",174.615154289955,234,15,8,"B",86.0080040887833,"15"
"2904",174.199011615597,236,15,8,"B",86.0080040887833,"15"
"2905",173.926813094807,238,15,8,"B",86.0080040887833,"15"
"2906",173.810168152041,240,15,8,"B",86.0080040887833,"15"
"2907",173.858961583215,242,15,8,"B",86.0080040887833,"15"
"2908",174.081197350652,244,15,8,"B",86.0080040887833,"15"
"2909",174.482880549765,246,15,8,"B",86.0080040887833,"15"
"2910",175.0679079164,248,15,8,"B",86.0080040887833,"15"
"2911",175.83797049842,250,15,8,"B",86.0080040887833,"15"
"2912",176.792490051442,252,15,8,"B",86.0080040887833,"15"
"2913",177.928580487056,254,15,8,"B",86.0080040887833,"15"
"2914",179.241063083561,256,15,8,"B",86.0080040887833,"15"
"2915",180.722514435851,258,15,8,"B",86.0080040887833,"15"
"2916",182.36330370113,260,15,8,"B",86.0080040887833,"15"
"2917",184.151672324635,262,15,8,"B",86.0080040887833,"15"
"2918",186.0738450982,264,15,8,"B",86.0080040887833,"15"
"2919",188.114192018341,266,15,8,"B",86.0080040887833,"15"
"2920",190.255396774386,268,15,8,"B",86.0080040887833,"15"
"2921",192.478664531727,270,15,8,"B",86.0080040887833,"15"
"2922",194.76393451156,272,15,8,"B",86.0080040887833,"15"
"2923",197.090124183224,274,15,8,"B",86.0080040887833,"15"
"2924",199.435377223768,276,15,8,"B",86.0080040887833,"15"
"2925",201.777327784184,278,15,8,"B",86.0080040887833,"15"
"2926",204.093375978091,280,15,8,"B",86.0080040887833,"15"
"2927",206.360967132105,282,15,8,"B",86.0080040887833,"15"
"2928",208.55787179908,284,15,8,"B",86.0080040887833,"15"
"2929",210.662472623404,286,15,8,"B",86.0080040887833,"15"
"2930",212.654034497363,288,15,8,"B",86.0080040887833,"15"
"2931",214.512962645908,290,15,8,"B",86.0080040887833,"15"
"2932",216.221064402793,292,15,8,"B",86.0080040887833,"15"
"2933",217.761803983459,294,15,8,"B",86.0080040887833,"15"
"2934",219.120519821619,296,15,8,"B",86.0080040887833,"15"
"2935",220.284602508001,298,15,8,"B",86.0080040887833,"15"
"2936",221.243696795794,300,15,8,"B",86.0080040887833,"15"
"2937",221.989857000406,302,15,8,"B",86.0080040887833,"15"
"2938",222.517680549404,304,15,8,"B",86.0080040887833,"15"
"2939",222.824406992975,306,15,8,"B",86.0080040887833,"15"
"2940",222.909952212415,308,15,8,"B",86.0080040887833,"15"
"2941",222.776942078742,310,15,8,"B",86.0080040887833,"15"
"2942",222.430732912049,312,15,8,"B",86.0080040887833,"15"
"2943",221.879347943521,314,15,8,"B",86.0080040887833,"15"
"2944",221.133411514992,316,15,8,"B",86.0080040887833,"15"
"2945",220.206029619766,318,15,8,"B",86.0080040887833,"15"
"2946",219.112587618831,320,15,8,"B",86.0080040887833,"15"
"2947",217.870577020583,322,15,8,"B",86.0080040887833,"15"
"2948",216.499382202864,324,15,8,"B",86.0080040887833,"15"
"2949",215.020026991742,326,15,8,"B",86.0080040887833,"15"
"2950",213.454920527518,328,15,8,"B",86.0080040887833,"15"
"2951",211.82759825055,330,15,8,"B",86.0080040887833,"15"
"2952",210.162441623592,332,15,8,"B",86.0080040887833,"15"
"2953",208.484391604989,334,15,8,"B",86.0080040887833,"15"
"2954",206.818659529534,336,15,8,"B",86.0080040887833,"15"
"2955",205.190432036359,338,15,8,"B",86.0080040887833,"15"
"2956",203.624572067311,340,15,8,"B",86.0080040887833,"15"
"2957",202.14532232801,342,15,8,"B",86.0080040887833,"15"
"2958",200.776013736189,344,15,8,"B",86.0080040887833,"15"
"2959",199.538777638784,346,15,8,"B",86.0080040887833,"15"
"2960",198.454300043619,348,15,8,"B",86.0080040887833,"15"
"2961",197.541587868708,350,15,8,"B",86.0080040887833,"15"
"2962",196.817694663063,352,15,8,"B",86.0080040887833,"15"
"2963",196.297500028676,354,15,8,"B",86.0080040887833,"15"
"2964",195.993539240383,356,15,8,"B",86.0080040887833,"15"
"2965",195.915823112479,358,15,8,"B",86.0080040887833,"15"
"2966",196.0717261308,360,15,8,"B",86.0080040887833,"15"
"2967",196.465917501263,362,15,8,"B",86.0080040887833,"15"
"2968",197.100251663856,364,15,8,"B",86.0080040887833,"15"
"2969",197.97376574152,366,15,8,"B",86.0080040887833,"15"
"2970",199.08272256335,368,15,8,"B",86.0080040887833,"15"
"2971",200.42063732366,370,15,8,"B",86.0080040887833,"15"
"2972",201.978455636432,372,15,8,"B",86.0080040887833,"15"
"2973",203.744714798266,374,15,8,"B",86.0080040887833,"15"
"2974",205.705784420743,376,15,8,"B",86.0080040887833,"15"
"2975",207.84611694706,378,15,8,"B",86.0080040887833,"15"
"2976",210.148588401153,380,15,8,"B",86.0080040887833,"15"
"2977",212.594876698728,382,15,8,"B",86.0080040887833,"15"
"2978",215.165869909591,384,15,8,"B",86.0080040887833,"15"
"2979",217.842114245484,386,15,8,"B",86.0080040887833,"15"
"2980",220.604288492364,388,15,8,"B",86.0080040887833,"15"
"2981",223.433706549865,390,15,8,"B",86.0080040887833,"15"
"2982",226.312847801446,392,15,8,"B",86.0080040887833,"15"
"2983",229.225914909307,394,15,8,"B",86.0080040887833,"15"
"2984",232.159418086842,396,15,8,"B",86.0080040887833,"15"
"2985",235.102820203151,398,15,8,"B",86.0080040887833,"15"
"2986",218.084676716956,2,16,8,"B",92.093686219178,"16"
"2987",216.341280328042,4,16,8,"B",92.093686219178,"16"
"2988",214.605186842086,6,16,8,"B",92.093686219178,"16"
"2989",212.88361324938,8,16,8,"B",92.093686219178,"16"
"2990",211.185703928284,10,16,8,"B",92.093686219178,"16"
"2991",209.522114731206,12,16,8,"B",92.093686219178,"16"
"2992",207.904615872577,14,16,8,"B",92.093686219178,"16"
"2993",206.345724420785,16,16,8,"B",92.093686219178,"16"
"2994",204.8583466418,18,16,8,"B",92.093686219178,"16"
"2995",203.455443454007,20,16,8,"B",92.093686219178,"16"
"2996",202.149713643097,22,16,8,"B",92.093686219178,"16"
"2997",200.953305713158,24,16,8,"B",92.093686219178,"16"
"2998",199.877547553313,26,16,8,"B",92.093686219178,"16"
"2999",198.932702459054,28,16,8,"B",92.093686219178,"16"
"3000",198.127762275949,30,16,8,"B",92.093686219178,"16"
"3001",197.470252336569,32,16,8,"B",92.093686219178,"16"
"3002",196.966092354511,34,16,8,"B",92.093686219178,"16"
"3003",196.619472388052,36,16,8,"B",92.093686219178,"16"
"3004",196.432745522393,38,16,8,"B",92.093686219178,"16"
"3005",196.406383460276,40,16,8,"B",92.093686219178,"16"
"3006",196.538964263101,42,16,8,"B",92.093686219178,"16"
"3007",196.827152202058,44,16,8,"B",92.093686219178,"16"
"3008",197.265719975043,46,16,8,"B",92.093686219178,"16"
"3009",197.84761613256,48,16,8,"B",92.093686219178,"16"
"3010",198.564039453576,50,16,8,"B",92.093686219178,"16"
"3011",199.404539072393,52,16,8,"B",92.093686219178,"16"
"3012",200.357132902568,54,16,8,"B",92.093686219178,"16"
"3013",201.408443549285,56,16,8,"B",92.093686219178,"16"
"3014",202.543865511283,58,16,8,"B",92.093686219178,"16"
"3015",203.747736587339,60,16,8,"B",92.093686219178,"16"
"3016",205.003525942121,62,16,8,"B",92.093686219178,"16"
"3017",206.294043747466,64,16,8,"B",92.093686219178,"16"
"3018",207.601642081005,66,16,8,"B",92.093686219178,"16"
"3019",208.908423029388,68,16,8,"B",92.093686219178,"16"
"3020",210.19645646395,70,16,8,"B",92.093686219178,"16"
"3021",211.447995891822,72,16,8,"B",92.093686219178,"16"
"3022",212.645694018977,74,16,8,"B",92.093686219178,"16"
"3023",213.772813271116,76,16,8,"B",92.093686219178,"16"
"3024",214.813425551338,78,16,8,"B",92.093686219178,"16"
"3025",215.752610308844,80,16,8,"B",92.093686219178,"16"
"3026",216.576649049113,82,16,8,"B",92.093686219178,"16"
"3027",217.273193007486,84,16,8,"B",92.093686219178,"16"
"3028",217.831404242305,86,16,8,"B",92.093686219178,"16"
"3029",218.242098394752,88,16,8,"B",92.093686219178,"16"
"3030",218.497854284469,90,16,8,"B",92.093686219178,"16"
"3031",218.593106871153,92,16,8,"B",92.093686219178,"16"
"3032",218.524232557196,94,16,8,"B",92.093686219178,"16"
"3033",218.289595686015,96,16,8,"B",92.093686219178,"16"
"3034",217.889556070551,98,16,8,"B",92.093686219178,"16"
"3035",217.326460060152,100,16,8,"B",92.093686219178,"16"
"3036",216.604622585612,102,16,8,"B",92.093686219178,"16"
"3037",215.730252821468,104,16,8,"B",92.093686219178,"16"
"3038",214.711391483173,106,16,8,"B",92.093686219178,"16"
"3039",213.557807441493,108,16,8,"B",92.093686219178,"16"
"3040",212.280853508075,110,16,8,"B",92.093686219178,"16"
"3041",210.893328938863,112,16,8,"B",92.093686219178,"16"
"3042",209.409341196904,114,16,8,"B",92.093686219178,"16"
"3043",207.844125089996,116,16,8,"B",92.093686219178,"16"
"3044",206.213835889367,118,16,8,"B",92.093686219178,"16"
"3045",204.535324577109,120,16,8,"B",92.093686219178,"16"
"3046",202.825914855143,122,16,8,"B",92.093686219178,"16"
"3047",201.103176466302,124,16,8,"B",92.093686219178,"16"
"3048",199.384690241603,126,16,8,"B",92.093686219178,"16"
"3049",197.687817753532,128,16,8,"B",92.093686219178,"16"
"3050",196.029475676891,130,16,8,"B",92.093686219178,"16"
"3051",194.425923198826,132,16,8,"B",92.093686219178,"16"
"3052",192.892549963447,134,16,8,"B",92.093686219178,"16"
"3053",191.443667457334,136,16,8,"B",92.093686219178,"16"
"3054",190.092329319372,138,16,8,"B",92.093686219178,"16"
"3055",188.850181683182,140,16,8,"B",92.093686219178,"16"
"3056",187.727307657548,142,16,8,"B",92.093686219178,"16"
"3057",186.732100062704,144,16,8,"B",92.093686219178,"16"
"3058",185.871170987731,146,16,8,"B",92.093686219178,"16"
"3059",185.149260247222,148,16,8,"B",92.093686219178,"16"
"3060",184.569175350549,150,16,8,"B",92.093686219178,"16"
"3061",184.131761961276,152,16,8,"B",92.093686219178,"16"
"3062",183.835886770198,154,16,8,"B",92.093686219178,"16"
"3063",183.678444055186,156,16,8,"B",92.093686219178,"16"
"3064",183.654411543324,158,16,8,"B",92.093686219178,"16"
"3065",183.756919127413,160,16,8,"B",92.093686219178,"16"
"3066",183.977331517259,162,16,8,"B",92.093686219178,"16"
"3067",184.305362583201,164,16,8,"B",92.093686219178,"16"
"3068",184.729213660846,166,16,8,"B",92.093686219178,"16"
"3069",185.235738427211,168,16,8,"B",92.093686219178,"16"
"3070",185.810624680648,170,16,8,"B",92.093686219178,"16"
"3071",186.43859058243,172,16,8,"B",92.093686219178,"16"
"3072",187.103596931595,174,16,8,"B",92.093686219178,"16"
"3073",187.789078139341,176,16,8,"B",92.093686219178,"16"
"3074",188.478171440134,178,16,8,"B",92.093686219178,"16"
"3075",189.153951513621,180,16,8,"B",92.093686219178,"16"
"3076",189.799670126045,182,16,8,"B",92.093686219178,"16"
"3077",190.398989661734,184,16,8,"B",92.093686219178,"16"
"3078",190.936219374214,186,16,8,"B",92.093686219178,"16"
"3079",191.396553227438,188,16,8,"B",92.093686219178,"16"
"3080",191.766286077877,190,16,8,"B",92.093686219178,"16"
"3081",192.033016826152,192,16,8,"B",92.093686219178,"16"
"3082",192.185835117313,194,16,8,"B",92.093686219178,"16"
"3083",192.215468336424,196,16,8,"B",92.093686219178,"16"
"3084",192.114424408666,198,16,8,"B",92.093686219178,"16"
"3085",191.877123584952,200,16,8,"B",92.093686219178,"16"
"3086",191.499950713524,202,16,8,"B",92.093686219178,"16"
"3087",190.981308638187,204,16,8,"B",92.093686219178,"16"
"3088",190.32166470783,206,16,8,"B",92.093686219178,"16"
"3089",189.523585332651,208,16,8,"B",92.093686219178,"16"
"3090",188.591829415678,210,16,8,"B",92.093686219178,"16"
"3091",187.533401041421,212,16,8,"B",92.093686219178,"16"
"3092",186.357485025454,214,16,8,"B",92.093686219178,"16"
"3093",185.07527234887,216,16,8,"B",92.093686219178,"16"
"3094",183.699766089939,218,16,8,"B",92.093686219178,"16"
"3095",182.245636536099,220,16,8,"B",92.093686219178,"16"
"3096",180.729017698584,222,16,8,"B",92.093686219178,"16"
"3097",179.16728121581,224,16,8,"B",92.093686219178,"16"
"3098",177.5788008401,226,16,8,"B",92.093686219178,"16"
"3099",175.982690739523,228,16,8,"B",92.093686219178,"16"
"3100",174.398531960096,230,16,8,"B",92.093686219178,"16"
"3101",172.846095920523,232,16,8,"B",92.093686219178,"16"
"3102",171.345070706471,234,16,8,"B",92.093686219178,"16"
"3103",169.914787899088,236,16,8,"B",92.093686219178,"16"
"3104",168.57395998047,238,16,8,"B",92.093686219178,"16"
"3105",167.3404127383,240,16,8,"B",92.093686219178,"16"
"3106",166.230831381295,242,16,8,"B",92.093686219178,"16"
"3107",165.26053027956,244,16,8,"B",92.093686219178,"16"
"3108",164.443217423292,246,16,8,"B",92.093686219178,"16"
"3109",163.790786128971,248,16,8,"B",92.093686219178,"16"
"3110",163.313141371021,250,16,8,"B",92.093686219178,"16"
"3111",163.01805876287,252,16,8,"B",92.093686219178,"16"
"3112",162.911078170775,254,16,8,"B",92.093686219178,"16"
"3113",162.995397047206,256,16,8,"B",92.093686219178,"16"
"3114",163.271820039045,258,16,8,"B",92.093686219178,"16"
"3115",163.738758741425,260,16,8,"B",92.093686219178,"16"
"3116",164.392239539272,262,16,8,"B",92.093686219178,"16"
"3117",165.225972780268,264,16,8,"B",92.093686219178,"16"
"3118",166.231421605233,266,16,8,"B",92.093686219178,"16"
"3119",167.397891521613,268,16,8,"B",92.093686219178,"16"
"3120",168.712677991324,270,16,8,"B",92.093686219178,"16"
"3121",170.161227781127,272,16,8,"B",92.093686219178,"16"
"3122",171.727342699749,274,16,8,"B",92.093686219178,"16"
"3123",173.3934035712,276,16,8,"B",92.093686219178,"16"
"3124",175.140606439533,278,16,8,"B",92.093686219178,"16"
"3125",176.949215724456,280,16,8,"B",92.093686219178,"16"
"3126",178.798836757179,282,16,8,"B",92.093686219178,"16"
"3127",180.668690875619,284,16,8,"B",92.093686219178,"16"
"3128",182.537904524504,286,16,8,"B",92.093686219178,"16"
"3129",184.385793903426,288,16,8,"B",92.093686219178,"16"
"3130",186.192149614383,290,16,8,"B",92.093686219178,"16"
"3131",187.937521412427,292,16,8,"B",92.093686219178,"16"
"3132",189.603480646976,294,16,8,"B",92.093686219178,"16"
"3133",191.172881355249,296,16,8,"B",92.093686219178,"16"
"3134",192.630108855184,298,16,8,"B",92.093686219178,"16"
"3135",193.961296525153,300,16,8,"B",92.093686219178,"16"
"3136",195.154529819135,302,16,8,"B",92.093686219178,"16"
"3137",196.199993698876,304,16,8,"B",92.093686219178,"16"
"3138",197.090094247426,306,16,8,"B",92.093686219178,"16"
"3139",197.819555576111,308,16,8,"B",92.093686219178,"16"
"3140",198.385487564246,310,16,8,"B",92.093686219178,"16"
"3141",198.787422267646,312,16,8,"B",92.093686219178,"16"
"3142",199.027329050532,314,16,8,"B",92.093686219178,"16"
"3143",199.1096007797,316,16,8,"B",92.093686219178,"16"
"3144",199.040975175721,318,16,8,"B",92.093686219178,"16"
"3145",198.830450299321,320,16,8,"B",92.093686219178,"16"
"3146",198.489172587042,322,16,8,"B",92.093686219178,"16"
"3147",198.030285851813,324,16,8,"B",92.093686219178,"16"
"3148",197.468765002213,326,16,8,"B",92.093686219178,"16"
"3149",196.821212965614,328,16,8,"B",92.093686219178,"16"
"3150",196.10561520645,330,16,8,"B",92.093686219178,"16"
"3151",195.341080536688,332,16,8,"B",92.093686219178,"16"
"3152",194.547571163222,334,16,8,"B",92.093686219178,"16"
"3153",193.745611725768,336,16,8,"B",92.093686219178,"16"
"3154",192.955993175605,338,16,8,"B",92.093686219178,"16"
"3155",192.199470907381,340,16,8,"B",92.093686219178,"16"
"3156",191.496465185134,342,16,8,"B",92.093686219178,"16"
"3157",190.866767349787,344,16,8,"B",92.093686219178,"16"
"3158",190.329247207927,346,16,8,"B",92.093686219178,"16"
"3159",189.901591922585,348,16,8,"B",92.093686219178,"16"
"3160",189.600071355085,350,16,8,"B",92.093686219178,"16"
"3161",189.439310408202,352,16,8,"B",92.093686219178,"16"
"3162",189.432104683802,354,16,8,"B",92.093686219178,"16"
"3163",189.58925941279,356,16,8,"B",92.093686219178,"16"
"3164",189.919459151727,358,16,8,"B",92.093686219178,"16"
"3165",190.429154476618,360,16,8,"B",92.093686219178,"16"
"3166",191.122514192514,362,16,8,"B",92.093686219178,"16"
"3167",192.001391598772,364,16,8,"B",92.093686219178,"16"
"3168",193.065323388636,366,16,8,"B",92.093686219178,"16"
"3169",194.311560500638,368,16,8,"B",92.093686219178,"16"
"3170",195.735167927566,370,16,8,"B",92.093686219178,"16"
"3171",197.329137152637,372,16,8,"B",92.093686219178,"16"
"3172",199.084532712253,374,16,8,"B",92.093686219178,"16"
"3173",200.99068681415,376,16,8,"B",92.093686219178,"16"
"3174",203.035426152913,378,16,8,"B",92.093686219178,"16"
"3175",205.205333179577,380,16,8,"B",92.093686219178,"16"
"3176",207.486029958979,382,16,8,"B",92.093686219178,"16"
"3177",209.862500743888,384,16,8,"B",92.093686219178,"16"
"3178",212.319458295522,386,16,8,"B",92.093686219178,"16"
"3179",214.84173255353,388,16,8,"B",92.093686219178,"16"
"3180",217.414686966371,390,16,8,"B",92.093686219178,"16"
"3181",220.024661300367,392,16,8,"B",92.093686219178,"16"
"3182",222.659433530699,394,16,8,"B",92.093686219178,"16"
"3183",225.308691315194,396,16,8,"B",92.093686219178,"16"
"3184",227.964549171882,398,16,8,"B",92.093686219178,"16"
"3185",217.913351298082,2,17,9,"E",98.1548134744314,"17"
"3186",215.17855105691,4,17,9,"E",98.1548134744314,"17"
"3187",212.455056478351,6,17,9,"E",98.1548134744314,"17"
"3188",209.755780313718,8,17,9,"E",98.1548134744314,"17"
"3189",207.09740270065,10,17,9,"E",98.1548134744314,"17"
"3190",204.499533088325,12,17,9,"E",98.1548134744314,"17"
"3191",201.983872096765,14,17,9,"E",98.1548134744314,"17"
"3192",199.573421215221,16,17,9,"E",98.1548134744314,"17"
"3193",197.291754186102,18,17,9,"E",98.1548134744314,"17"
"3194",195.162316931614,20,17,9,"E",98.1548134744314,"17"
"3195",193.207783084526,22,17,9,"E",98.1548134744314,"17"
"3196",191.449451871986,24,17,9,"E",98.1548134744314,"17"
"3197",189.906707632936,26,17,9,"E",98.1548134744314,"17"
"3198",188.596544758448,28,17,9,"E",98.1548134744314,"17"
"3199",187.533155925899,30,17,9,"E",98.1548134744314,"17"
"3200",186.727550697625,32,17,9,"E",98.1548134744314,"17"
"3201",186.187278760763,34,17,9,"E",98.1548134744314,"17"
"3202",185.916228518471,36,17,9,"E",98.1548134744314,"17"
"3203",185.91440607077,38,17,9,"E",98.1548134744314,"17"
"3204",186.177851506874,40,17,9,"E",98.1548134744314,"17"
"3205",186.698662972653,42,17,9,"E",98.1548134744314,"17"
"3206",187.465045947229,44,17,9,"E",98.1548134744314,"17"
"3207",188.461455924732,46,17,9,"E",98.1548134744314,"17"
"3208",189.668799448297,48,17,9,"E",98.1548134744314,"17"
"3209",191.064673533674,50,17,9,"E",98.1548134744314,"17"
"3210",192.623654336942,52,17,9,"E",98.1548134744314,"17"
"3211",194.317704497674,54,17,9,"E",98.1548134744314,"17"
"3212",196.116592501933,56,17,9,"E",98.1548134744314,"17"
"3213",197.98833988319,58,17,9,"E",98.1548134744314,"17"
"3214",199.899712575992,60,17,9,"E",98.1548134744314,"17"
"3215",201.816724263741,62,17,9,"E",98.1548134744314,"17"
"3216",203.705167360972,64,17,9,"E",98.1548134744314,"17"
"3217",205.531140489947,66,17,9,"E",98.1548134744314,"17"
"3218",207.261576498637,68,17,9,"E",98.1548134744314,"17"
"3219",208.864746674305,70,17,9,"E",98.1548134744314,"17"
"3220",210.310763466625,72,17,9,"E",98.1548134744314,"17"
"3221",211.572070577691,74,17,9,"E",98.1548134744314,"17"
"3222",212.623833854382,76,17,9,"E",98.1548134744314,"17"
"3223",213.444341315996,78,17,9,"E",98.1548134744314,"17"
"3224",214.015378991582,80,17,9,"E",98.1548134744314,"17"
"3225",214.322494046447,82,17,9,"E",98.1548134744314,"17"
"3226",214.355176410923,84,17,9,"E",98.1548134744314,"17"
"3227",214.106964444607,86,17,9,"E",98.1548134744314,"17"
"3228",213.575553305322,88,17,9,"E",98.1548134744314,"17"
"3229",212.762841225421,90,17,9,"E",98.1548134744314,"17"
"3230",211.67486946706,92,17,9,"E",98.1548134744314,"17"
"3231",210.321738853674,94,17,9,"E",98.1548134744314,"17"
"3232",208.717440838349,96,17,9,"E",98.1548134744314,"17"
"3233",206.87962441503,98,17,9,"E",98.1548134744314,"17"
"3234",204.829363158874,100,17,9,"E",98.1548134744314,"17"
"3235",202.590797364683,102,17,9,"E",98.1548134744314,"17"
"3236",200.190719929369,104,17,9,"E",98.1548134744314,"17"
"3237",197.658177545804,106,17,9,"E",98.1548134744314,"17"
"3238",195.024011665905,108,17,9,"E",98.1548134744314,"17"
"3239",192.320365726831,110,17,9,"E",98.1548134744314,"17"
"3240",189.580189255139,112,17,9,"E",98.1548134744314,"17"
"3241",186.836757146075,114,17,9,"E",98.1548134744314,"17"
"3242",184.123192661636,116,17,9,"E",98.1548134744314,"17"
"3243",181.471987660252,118,17,9,"E",98.1548134744314,"17"
"3244",178.914532984336,120,17,9,"E",98.1548134744314,"17"
"3245",176.480672121469,122,17,9,"E",98.1548134744314,"17"
"3246",174.198275523453,124,17,9,"E",98.1548134744314,"17"
"3247",172.092866998613,126,17,9,"E",98.1548134744314,"17"
"3248",170.187269560475,128,17,9,"E",98.1548134744314,"17"
"3249",168.501292290022,130,17,9,"E",98.1548134744314,"17"
"3250",167.051450927189,132,17,9,"E",98.1548134744314,"17"
"3251",165.850743361494,134,17,9,"E",98.1548134744314,"17"
"3252",164.908408087052,136,17,9,"E",98.1548134744314,"17"
"3253",164.229790415789,138,17,9,"E",98.1548134744314,"17"
"3254",163.816320888648,140,17,9,"E",98.1548134744314,"17"
"3255",163.665490770456,142,17,9,"E",98.1548134744314,"17"
"3256",163.770947931787,144,17,9,"E",98.1548134744314,"17"
"3257",164.122644739516,146,17,9,"E",98.1548134744314,"17"
"3258",164.707064907655,148,17,9,"E",98.1548134744314,"17"
"3259",165.507480335648,150,17,9,"E",98.1548134744314,"17"
"3260",166.504218103674,152,17,9,"E",98.1548134744314,"17"
"3261",167.675031923268,154,17,9,"E",98.1548134744314,"17"
"3262",168.995462215758,156,17,9,"E",98.1548134744314,"17"
"3263",170.439243711949,158,17,9,"E",98.1548134744314,"17"
"3264",171.978754462672,160,17,9,"E",98.1548134744314,"17"
"3265",173.585457495815,162,17,9,"E",98.1548134744314,"17"
"3266",175.230361533128,164,17,9,"E",98.1548134744314,"17"
"3267",176.884469696686,166,17,9,"E",98.1548134744314,"17"
"3268",178.519215817168,168,17,9,"E",98.1548134744314,"17"
"3269",180.106891301771,170,17,9,"E",98.1548134744314,"17"
"3270",181.621071341204,172,17,9,"E",98.1548134744314,"17"
"3271",183.03699378146,174,17,9,"E",98.1548134744314,"17"
"3272",184.331892474134,176,17,9,"E",98.1548134744314,"17"
"3273",185.485335283936,178,17,9,"E",98.1548134744314,"17"
"3274",186.47945613716,180,17,9,"E",98.1548134744314,"17"
"3275",187.299156067632,182,17,9,"E",98.1548134744314,"17"
"3276",187.93229421548,184,17,9,"E",98.1548134744314,"17"
"3277",188.369827109318,186,17,9,"E",98.1548134744314,"17"
"3278",188.605841084593,188,17,9,"E",98.1548134744314,"17"
"3279",188.637641602774,190,17,9,"E",98.1548134744314,"17"
"3280",188.465781361985,192,17,9,"E",98.1548134744314,"17"
"3281",188.094016226344,194,17,9,"E",98.1548134744314,"17"
"3282",187.529192536412,196,17,9,"E",98.1548134744314,"17"
"3283",186.781074512891,198,17,9,"E",98.1548134744314,"17"
"3284",185.862133862299,200,17,9,"E",98.1548134744314,"17"
"3285",184.787290620848,202,17,9,"E",98.1548134744314,"17"
"3286",183.573681261899,204,17,9,"E",98.1548134744314,"17"
"3287",182.240352484199,206,17,9,"E",98.1548134744314,"17"
"3288",180.8078827907,208,17,9,"E",98.1548134744314,"17"
"3289",179.297942358452,210,17,9,"E",98.1548134744314,"17"
"3290",177.732894818218,212,17,9,"E",98.1548134744314,"17"
"3291",176.1354374239,214,17,9,"E",98.1548134744314,"17"
"3292",174.528249250029,216,17,9,"E",98.1548134744314,"17"
"3293",172.933652543725,218,17,9,"E",98.1548134744314,"17"
"3294",171.373289770693,220,17,9,"E",98.1548134744314,"17"
"3295",169.86782418583,222,17,9,"E",98.1548134744314,"17"
"3296",168.436659718886,224,17,9,"E",98.1548134744314,"17"
"3297",167.09768581199,226,17,9,"E",98.1548134744314,"17"
"3298",165.867028038764,228,17,9,"E",98.1548134744314,"17"
"3299",164.758851917083,230,17,9,"E",98.1548134744314,"17"
"3300",163.785196199154,232,17,9,"E",98.1548134744314,"17"
"3301",162.95582692983,234,17,9,"E",98.1548134744314,"17"
"3302",162.278133934614,236,17,9,"E",98.1548134744314,"17"
"3303",161.757107006384,238,17,9,"E",98.1548134744314,"17"
"3304",161.395324065948,240,17,9,"E",98.1548134744314,"17"
"3305",161.192957823889,242,17,9,"E",98.1548134744314,"17"
"3306",161.147850739371,244,17,9,"E",98.1548134744314,"17"
"3307",161.255614425051,246,17,9,"E",98.1548134744314,"17"
"3308",161.509734334863,248,17,9,"E",98.1548134744314,"17"
"3309",161.901741305083,250,17,9,"E",98.1548134744314,"17"
"3310",162.421420862922,252,17,9,"E",98.1548134744314,"17"
"3311",163.056998708399,254,17,9,"E",98.1548134744314,"17"
"3312",163.795359800563,256,17,9,"E",98.1548134744314,"17"
"3313",164.622322546729,258,17,9,"E",98.1548134744314,"17"
"3314",165.522897424986,260,17,9,"E",98.1548134744314,"17"
"3315",166.481541147643,262,17,9,"E",98.1548134744314,"17"
"3316",167.48242027434,264,17,9,"E",98.1548134744314,"17"
"3317",168.509672233795,266,17,9,"E",98.1548134744314,"17"
"3318",169.547659185086,268,17,9,"E",98.1548134744314,"17"
"3319",170.581218017449,270,17,9,"E",98.1548134744314,"17"
"3320",171.59588395895,272,17,9,"E",98.1548134744314,"17"
"3321",172.578106302581,274,17,9,"E",98.1548134744314,"17"
"3322",173.515443972536,276,17,9,"E",98.1548134744314,"17"
"3323",174.396722807826,278,17,9,"E",98.1548134744314,"17"
"3324",175.212181427895,280,17,9,"E",98.1548134744314,"17"
"3325",175.953601350733,282,17,9,"E",98.1548134744314,"17"
"3326",176.614382486407,284,17,9,"E",98.1548134744314,"17"
"3327",177.18957804743,286,17,9,"E",98.1548134744314,"17"
"3328",177.675920529555,288,17,9,"E",98.1548134744314,"17"
"3329",178.071825986688,290,17,9,"E",98.1548134744314,"17"
"3330",178.377366690379,292,17,9,"E",98.1548134744314,"17"
"3331",178.59420273732,294,17,9,"E",98.1548134744314,"17"
"3332",178.725511227947,296,17,9,"E",98.1548134744314,"17"
"3333",178.775883852312,298,17,9,"E",98.1548134744314,"17"
"3334",178.751186331761,300,17,9,"E",98.1548134744314,"17"
"3335",178.658437187573,302,17,9,"E",98.1548134744314,"17"
"3336",178.505669290011,304,17,9,"E",98.1548134744314,"17"
"3337",178.301762104161,306,17,9,"E",98.1548134744314,"17"
"3338",178.056271876613,308,17,9,"E",98.1548134744314,"17"
"3339",177.779257112591,310,17,9,"E",98.1548134744314,"17"
"3340",177.48109618856,312,17,9,"E",98.1548134744314,"17"
"3341",177.17230693392,314,17,9,"E",98.1548134744314,"17"
"3342",176.863368025468,316,17,9,"E",98.1548134744314,"17"
"3343",176.564553491057,318,17,9,"E",98.1548134744314,"17"
"3344",176.285777594208,320,17,9,"E",98.1548134744314,"17"
"3345",176.036449040955,322,17,9,"E",98.1548134744314,"17"
"3346",175.825350988578,324,17,9,"E",98.1548134744314,"17"
"3347",175.660532607115,326,17,9,"E",98.1548134744314,"17"
"3348",175.549213308513,328,17,9,"E",98.1548134744314,"17"
"3349",175.497719001797,330,17,9,"E",98.1548134744314,"17"
"3350",175.511429093806,332,17,9,"E",98.1548134744314,"17"
"3351",175.594737146657,334,17,9,"E",98.1548134744314,"17"
"3352",175.751045626696,336,17,9,"E",98.1548134744314,"17"
"3353",175.982768410771,338,17,9,"E",98.1548134744314,"17"
"3354",176.291344985899,340,17,9,"E",98.1548134744314,"17"
"3355",176.677279807585,342,17,9,"E",98.1548134744314,"17"
"3356",177.140181470229,344,17,9,"E",98.1548134744314,"17"
"3357",177.678817864208,346,17,9,"E",98.1548134744314,"17"
"3358",178.291200226133,348,17,9,"E",98.1548134744314,"17"
"3359",178.974663756414,350,17,9,"E",98.1548134744314,"17"
"3360",179.725958531631,352,17,9,"E",98.1548134744314,"17"
"3361",180.541347899995,354,17,9,"E",98.1548134744314,"17"
"3362",181.416705087312,356,17,9,"E",98.1548134744314,"17"
"3363",182.34761709917,358,17,9,"E",98.1548134744314,"17"
"3364",183.329484774489,360,17,9,"E",98.1548134744314,"17"
"3365",184.357618224188,362,17,9,"E",98.1548134744314,"17"
"3366",185.427326202329,364,17,9,"E",98.1548134744314,"17"
"3367",186.53399807182,366,17,9,"E",98.1548134744314,"17"
"3368",187.673175898954,368,17,9,"E",98.1548134744314,"17"
"3369",188.840614969508,370,17,9,"E",98.1548134744314,"17"
"3370",190.032329119674,372,17,9,"E",98.1548134744314,"17"
"3371",191.244636972492,374,17,9,"E",98.1548134744314,"17"
"3372",192.474185041892,376,17,9,"E",98.1548134744314,"17"
"3373",193.717959058559,378,17,9,"E",98.1548134744314,"17"
"3374",194.973287925489,380,17,9,"E",98.1548134744314,"17"
"3375",196.237838689795,382,17,9,"E",98.1548134744314,"17"
"3376",197.509602697589,384,17,9,"E",98.1548134744314,"17"
"3377",198.786876042892,386,17,9,"E",98.1548134744314,"17"
"3378",200.068242861048,388,17,9,"E",98.1548134744314,"17"
"3379",201.352543369373,390,17,9,"E",98.1548134744314,"17"
"3380",202.638842952157,392,17,9,"E",98.1548134744314,"17"
"3381",203.926409129789,394,17,9,"E",98.1548134744314,"17"
"3382",205.214691141816,396,17,9,"E",98.1548134744314,"17"
"3383",206.503303001565,398,17,9,"E",98.1548134744314,"17"
"3384",223.433532336346,2,18,9,"E",104.314751055382,"18"
"3385",220.534673970879,4,18,9,"E",104.314751055382,"18"
"3386",217.642943295511,6,18,9,"E",104.314751055382,"18"
"3387",214.766853913789,8,18,9,"E",104.314751055382,"18"
"3388",211.917569627582,10,18,9,"E",104.314751055382,"18"
"3389",209.108368901772,12,18,9,"E",104.314751055382,"18"
"3390",206.354134356875,14,18,9,"E",104.314751055382,"18"
"3391",203.670870410606,16,18,9,"E",104.314751055382,"18"
"3392",201.075229250116,18,18,9,"E",104.314751055382,"18"
"3393",198.584069770415,20,18,9,"E",104.314751055382,"18"
"3394",196.214036171734,22,18,9,"E",104.314751055382,"18"
"3395",193.981163194315,24,18,9,"E",104.314751055382,"18"
"3396",191.900519747836,26,18,9,"E",104.314751055382,"18"
"3397",189.985867400066,28,18,9,"E",104.314751055382,"18"
"3398",188.249369853512,30,18,9,"E",104.314751055382,"18"
"3399",186.701350975861,32,18,9,"E",104.314751055382,"18"
"3400",185.350070740975,34,18,9,"E",104.314751055382,"18"
"3401",184.201572891948,36,18,9,"E",104.314751055382,"18"
"3402",183.259534710621,38,18,9,"E",104.314751055382,"18"
"3403",182.525170728184,40,18,9,"E",104.314751055382,"18"
"3404",181.997222928027,42,18,9,"E",104.314751055382,"18"
"3405",181.671982162778,44,18,9,"E",104.314751055382,"18"
"3406",181.543307732206,46,18,9,"E",104.314751055382,"18"
"3407",181.602668684624,48,18,9,"E",104.314751055382,"18"
"3408",181.839264497282,50,18,9,"E",104.314751055382,"18"
"3409",182.240183570889,52,18,9,"E",104.314751055382,"18"
"3410",182.79058485119,54,18,9,"E",104.314751055382,"18"
"3411",183.473906859576,56,18,9,"E",104.314751055382,"18"
"3412",184.272094697213,58,18,9,"E",104.314751055382,"18"
"3413",185.165844297739,60,18,9,"E",104.314751055382,"18"
"3414",186.134858605502,62,18,9,"E",104.314751055382,"18"
"3415",187.1581264359,64,18,9,"E",104.314751055382,"18"
"3416",188.214209967441,66,18,9,"E",104.314751055382,"18"
"3417",189.281534450982,68,18,9,"E",104.314751055382,"18"
"3418",190.338681756902,70,18,9,"E",104.314751055382,"18"
"3419",191.364677247199,72,18,9,"E",104.314751055382,"18"
"3420",192.339273419199,74,18,9,"E",104.314751055382,"18"
"3421",193.243222285303,76,18,9,"E",104.314751055382,"18"
"3422",194.058523103446,78,18,9,"E",104.314751055382,"18"
"3423",194.768659087715,80,18,9,"E",104.314751055382,"18"
"3424",195.358825139199,82,18,9,"E",104.314751055382,"18"
"3425",195.816130181192,84,18,9,"E",104.314751055382,"18"
"3426",196.129745368681,86,18,9,"E",104.314751055382,"18"
"3427",196.291051839313,88,18,9,"E",104.314751055382,"18"
"3428",196.293772885086,90,18,9,"E",104.314751055382,"18"
"3429",196.134033530586,92,18,9,"E",104.314751055382,"18"
"3430",195.810394623986,94,18,9,"E",104.314751055382,"18"
"3431",195.323885972074,96,18,9,"E",104.314751055382,"18"
"3432",194.677975985213,98,18,9,"E",104.314751055382,"18"
"3433",193.878486533245,100,18,9,"E",104.314751055382,"18"
"3434",192.933509556702,102,18,9,"E",104.314751055382,"18"
"3435",191.853314607698,104,18,9,"E",104.314751055382,"18"
"3436",190.650206951493,106,18,9,"E",104.314751055382,"18"
"3437",189.338338629991,108,18,9,"E",104.314751055382,"18"
"3438",187.933499298452,110,18,9,"E",104.314751055382,"18"
"3439",186.452899387177,112,18,9,"E",104.314751055382,"18"
"3440",184.914919097908,114,18,9,"E",104.314751055382,"18"
"3441",183.338859429467,116,18,9,"E",104.314751055382,"18"
"3442",181.744675690661,118,18,9,"E",104.314751055382,"18"
"3443",180.152687831557,120,18,9,"E",104.314751055382,"18"
"3444",178.583291690887,122,18,9,"E",104.314751055382,"18"
"3445",177.056668017919,124,18,9,"E",104.314751055382,"18"
"3446",175.592493966253,126,18,9,"E",104.314751055382,"18"
"3447",174.209670006318,128,18,9,"E",104.314751055382,"18"
"3448",172.926055107361,130,18,9,"E",104.314751055382,"18"
"3449",171.758222451101,132,18,9,"E",104.314751055382,"18"
"3450",170.721247139266,134,18,9,"E",104.314751055382,"18"
"3451",169.828513694297,136,18,9,"E",104.314751055382,"18"
"3452",169.091520611254,138,18,9,"E",104.314751055382,"18"
"3453",168.519740753509,140,18,9,"E",104.314751055382,"18"
"3454",168.120489777129,142,18,9,"E",104.314751055382,"18"
"3455",167.898846395362,144,18,9,"E",104.314751055382,"18"
"3456",167.857567526486,146,18,9,"E",104.314751055382,"18"
"3457",167.997055020669,148,18,9,"E",104.314751055382,"18"
"3458",168.315352973597,150,18,9,"E",104.314751055382,"18"
"3459",168.808155606448,152,18,9,"E",104.314751055382,"18"
"3460",169.468864903911,154,18,9,"E",104.314751055382,"18"
"3461",170.288674306927,156,18,9,"E",104.314751055382,"18"
"3462",171.256667460348,158,18,9,"E",104.314751055382,"18"
"3463",172.359956326507,160,18,9,"E",104.314751055382,"18"
"3464",173.583856845052,162,18,9,"E",104.314751055382,"18"
"3465",174.91206969249,164,18,9,"E",104.314751055382,"18"
"3466",176.326866389584,166,18,9,"E",104.314751055382,"18"
"3467",177.809317060898,168,18,9,"E",104.314751055382,"18"
"3468",179.339531015878,170,18,9,"E",104.314751055382,"18"
"3469",180.896904321561,172,18,9,"E",104.314751055382,"18"
"3470",182.460372359158,174,18,9,"E",104.314751055382,"18"
"3471",184.008670146806,176,18,9,"E",104.314751055382,"18"
"3472",185.52059817913,178,18,9,"E",104.314751055382,"18"
"3473",186.975287179607,180,18,9,"E",104.314751055382,"18"
"3474",188.352454908093,182,18,9,"E",104.314751055382,"18"
"3475",189.632661683895,184,18,9,"E",104.314751055382,"18"
"3476",190.797555424853,186,18,9,"E",104.314751055382,"18"
"3477",191.830090858464,188,18,9,"E",104.314751055382,"18"
"3478",192.714742046834,190,18,9,"E",104.314751055382,"18"
"3479",193.437695957466,192,18,9,"E",104.314751055382,"18"
"3480",193.987020886625,194,18,9,"E",104.314751055382,"18"
"3481",194.352803144482,196,18,9,"E",104.314751055382,"18"
"3482",194.52726490973,198,18,9,"E",104.314751055382,"18"
"3483",194.504861324303,200,18,9,"E",104.314751055382,"18"
"3484",194.282324476004,202,18,9,"E",104.314751055382,"18"
"3485",193.858698403744,204,18,9,"E",104.314751055382,"18"
"3486",193.235336046634,206,18,9,"E",104.314751055382,"18"
"3487",192.415871002641,208,18,9,"E",104.314751055382,"18"
"3488",191.406146289898,210,18,9,"E",104.314751055382,"18"
"3489",190.214141243857,212,18,9,"E",104.314751055382,"18"
"3490",188.849845511497,214,18,9,"E",104.314751055382,"18"
"3491",187.32511712949,216,18,9,"E",104.314751055382,"18"
"3492",185.653566164098,218,18,9,"E",104.314751055382,"18"
"3493",183.850443645937,220,18,9,"E",104.314751055382,"18"
"3494",181.932470975712,222,18,9,"E",104.314751055382,"18"
"3495",179.917627583206,224,18,9,"E",104.314751055382,"18"
"3496",177.824906850882,226,18,9,"E",104.314751055382,"18"
"3497",175.674060537256,228,18,9,"E",104.314751055382,"18"
"3498",173.485338146929,230,18,9,"E",104.314751055382,"18"
"3499",171.27923241637,232,18,9,"E",104.314751055382,"18"
"3500",169.076219307021,234,18,9,"E",104.314751055382,"18"
"3501",166.896503887088,236,18,9,"E",104.314751055382,"18"
"3502",164.759768471548,238,18,9,"E",104.314751055382,"18"
"3503",162.684940654089,240,18,9,"E",104.314751055382,"18"
"3504",160.689972097247,242,18,9,"E",104.314751055382,"18"
"3505",158.791632172691,244,18,9,"E",104.314751055382,"18"
"3506",157.005328730258,246,18,9,"E",104.314751055382,"18"
"3507",155.344939285141,248,18,9,"E",104.314751055382,"18"
"3508",153.822647525002,250,18,9,"E",104.314751055382,"18"
"3509",152.448822905509,252,18,9,"E",104.314751055382,"18"
"3510",151.23192359985,254,18,9,"E",104.314751055382,"18"
"3511",150.178425161038,256,18,9,"E",104.314751055382,"18"
"3512",149.292766398355,258,18,9,"E",104.314751055382,"18"
"3513",148.577337160939,260,18,9,"E",104.314751055382,"18"
"3514",148.032472071539,262,18,9,"E",104.314751055382,"18"
"3515",147.656500013863,264,18,9,"E",104.314751055382,"18"
"3516",147.44579446217,266,18,9,"E",104.314751055382,"18"
"3517",147.394875474556,268,18,9,"E",104.314751055382,"18"
"3518",147.496536589335,270,18,9,"E",104.314751055382,"18"
"3519",147.741968627761,272,18,9,"E",104.314751055382,"18"
"3520",148.120911425761,274,18,9,"E",104.314751055382,"18"
"3521",148.621841560603,276,18,9,"E",104.314751055382,"18"
"3522",149.232144767907,278,18,9,"E",104.314751055382,"18"
"3523",149.93831116452,280,18,9,"E",104.314751055382,"18"
"3524",150.726148114511,282,18,9,"E",104.314751055382,"18"
"3525",151.58098846082,284,18,9,"E",104.314751055382,"18"
"3526",152.487915365338,286,18,9,"E",104.314751055382,"18"
"3527",153.43198085293,288,18,9,"E",104.314751055382,"18"
"3528",154.398425540137,290,18,9,"E",104.314751055382,"18"
"3529",155.372890211439,292,18,9,"E",104.314751055382,"18"
"3530",156.341624327895,294,18,9,"E",104.314751055382,"18"
"3531",157.291680792417,296,18,9,"E",104.314751055382,"18"
"3532",158.211090532436,298,18,9,"E",104.314751055382,"18"
"3533",159.0890352758,300,18,9,"E",104.314751055382,"18"
"3534",159.915985106356,302,18,9,"E",104.314751055382,"18"
"3535",160.683821962204,304,18,9,"E",104.314751055382,"18"
"3536",161.385946299103,306,18,9,"E",104.314751055382,"18"
"3537",162.017331594361,308,18,9,"E",104.314751055382,"18"
"3538",162.574562374028,310,18,9,"E",104.314751055382,"18"
"3539",163.055885961646,312,18,9,"E",104.314751055382,"18"
"3540",163.461228998956,314,18,9,"E",104.314751055382,"18"
"3541",163.792168919733,316,18,9,"E",104.314751055382,"18"
"3542",164.051871108942,318,18,9,"E",104.314751055382,"18"
"3543",164.245026799112,320,18,9,"E",104.314751055382,"18"
"3544",164.377772332367,322,18,9,"E",104.314751055382,"18"
"3545",164.457594031416,324,18,9,"E",104.314751055382,"18"
"3546",164.493200015374,326,18,9,"E",104.314751055382,"18"
"3547",164.494374794944,328,18,9,"E",104.314751055382,"18"
"3548",164.47183410948,330,18,9,"E",104.314751055382,"18"
"3549",164.437049673048,332,18,9,"E",104.314751055382,"18"
"3550",164.402071157782,334,18,9,"E",104.314751055382,"18"
"3551",164.379341731089,336,18,9,"E",104.314751055382,"18"
"3552",164.38150949187,338,18,9,"E",104.314751055382,"18"
"3553",164.421232965529,340,18,9,"E",104.314751055382,"18"
"3554",164.510990698543,342,18,9,"E",104.314751055382,"18"
"3555",164.662895005546,344,18,9,"E",104.314751055382,"18"
"3556",164.888507753366,346,18,9,"E",104.314751055382,"18"
"3557",165.198672027856,348,18,9,"E",104.314751055382,"18"
"3558",165.603355177173,350,18,9,"E",104.314751055382,"18"
"3559",166.111502921485,352,18,9,"E",104.314751055382,"18"
"3560",166.730912223861,354,18,9,"E",104.314751055382,"18"
"3561",167.468123375177,356,18,9,"E",104.314751055382,"18"
"3562",168.328339560524,358,18,9,"E",104.314751055382,"18"
"3563",169.315349861056,360,18,9,"E",104.314751055382,"18"
"3564",170.431477569046,362,18,9,"E",104.314751055382,"18"
"3565",171.677563044448,364,18,9,"E",104.314751055382,"18"
"3566",173.052966550336,366,18,9,"E",104.314751055382,"18"
"3567",174.555564959018,368,18,9,"E",104.314751055382,"18"
"3568",176.181790819477,370,18,9,"E",104.314751055382,"18"
"3569",177.926709133135,372,18,9,"E",104.314751055382,"18"
"3570",179.784115844218,374,18,9,"E",104.314751055382,"18"
"3571",181.746650722078,376,18,9,"E",104.314751055382,"18"
"3572",183.805940860247,378,18,9,"E",104.314751055382,"18"
"3573",185.952770825445,380,18,9,"E",104.314751055382,"18"
"3574",188.177271149704,382,18,9,"E",104.314751055382,"18"
"3575",190.469132908497,384,18,9,"E",104.314751055382,"18"
"3576",192.817842969059,386,18,9,"E",104.314751055382,"18"
"3577",195.212943681897,388,18,9,"E",104.314751055382,"18"
"3578",197.644311573098,390,18,9,"E",104.314751055382,"18"
"3579",200.102455259963,392,18,9,"E",104.314751055382,"18"
"3580",202.578819089952,394,18,9,"E",104.314751055382,"18"
"3581",205.066106348997,396,18,9,"E",104.314751055382,"18"
"3582",207.558635687279,398,18,9,"E",104.314751055382,"18"
"3583",232.088141706178,2,19,10,"B",110.340220433542,"19"
"3584",228.208243234064,4,19,10,"B",110.340220433542,"19"
"3585",224.338191697455,6,19,10,"B",110.340220433542,"19"
"3586",220.489112832629,8,19,10,"B",110.340220433542,"19"
"3587",216.675421429138,10,19,10,"B",110.340220433542,"19"
"3588",212.914209022499,12,19,10,"B",110.340220433542,"19"
"3589",209.224630160262,14,19,10,"B",110.340220433542,"19"
"3590",205.627283342597,16,19,10,"B",110.340220433542,"19"
"3591",202.143643965079,18,19,10,"B",110.340220433542,"19"
"3592",198.795516927407,20,19,10,"B",110.340220433542,"19"
"3593",195.604529437094,22,19,10,"B",110.340220433542,"19"
"3594",192.59166059316,24,19,10,"B",110.340220433542,"19"
"3595",189.776808766836,26,19,10,"B",110.340220433542,"19"
"3596",187.17840852679,28,19,10,"B",110.340220433542,"19"
"3597",184.813077294268,30,19,10,"B",110.340220433542,"19"
"3598",182.695306872856,32,19,10,"B",110.340220433542,"19"
"3599",180.837234313609,34,19,10,"B",110.340220433542,"19"
"3600",179.248442847063,36,19,10,"B",110.340220433542,"19"
"3601",177.935761017041,38,19,10,"B",110.340220433542,"19"
"3602",176.903146520391,40,19,10,"B",110.340220433542,"19"
"3603",176.151635670801,42,19,10,"B",110.340220433542,"19"
"3604",175.679316879459,44,19,10,"B",110.340220433542,"19"
"3605",175.481333779889,46,19,10,"B",110.340220433542,"19"
"3606",175.549916455714,48,19,10,"B",110.340220433542,"19"
"3607",175.87447819362,50,19,10,"B",110.340220433542,"19"
"3608",176.441744868743,52,19,10,"B",110.340220433542,"19"
"3609",177.235948530971,54,19,10,"B",110.340220433542,"19"
"3610",178.239046603849,56,19,10,"B",110.340220433542,"19"
"3611",179.430956155855,58,19,10,"B",110.340220433542,"19"
"3612",180.789819174513,60,19,10,"B",110.340220433542,"19"
"3613",182.29228227256,62,19,10,"B",110.340220433542,"19"
"3614",183.913823638983,64,19,10,"B",110.340220433542,"19"
"3615",185.629083190902,66,19,10,"B",110.340220433542,"19"
"3616",187.41218723011,68,19,10,"B",110.340220433542,"19"
"3617",189.237082981127,70,19,10,"B",110.340220433542,"19"
"3618",191.077876234899,72,19,10,"B",110.340220433542,"19"
"3619",192.909162989584,74,19,10,"B",110.340220433542,"19"
"3620",194.706362512043,76,19,10,"B",110.340220433542,"19"
"3621",196.44602261832,78,19,10,"B",110.340220433542,"19"
"3622",198.10610772164,80,19,10,"B",110.340220433542,"19"
"3623",199.666271425915,82,19,10,"B",110.340220433542,"19"
"3624",201.108084201752,84,19,10,"B",110.340220433542,"19"
"3625",202.415246126168,86,19,10,"B",110.340220433542,"19"
"3626",203.573768609725,88,19,10,"B",110.340220433542,"19"
"3627",204.572086484675,90,19,10,"B",110.340220433542,"19"
"3628",205.401182877302,92,19,10,"B",110.340220433542,"19"
"3629",206.054678306069,94,19,10,"B",110.340220433542,"19"
"3630",206.528853591408,96,19,10,"B",110.340220433542,"19"
"3631",206.822643017623,98,19,10,"B",110.340220433542,"19"
"3632",206.937576982945,100,19,10,"B",110.340220433542,"19"
"3633",206.877694128551,102,19,10,"B",110.340220433542,"19"
"3634",206.649438602943,104,19,10,"B",110.340220433542,"19"
"3635",206.261490718676,106,19,10,"B",110.340220433542,"19"
"3636",205.724559815283,108,19,10,"B",110.340220433542,"19"
"3637",205.051200075849,110,19,10,"B",110.340220433542,"19"
"3638",204.255614278176,112,19,10,"B",110.340220433542,"19"
"3639",203.353414309412,114,19,10,"B",110.340220433542,"19"
"3640",202.361357455501,116,19,10,"B",110.340220433542,"19"
"3641",201.297091561798,118,19,10,"B",110.340220433542,"19"
"3642",200.178888870096,120,19,10,"B",110.340220433542,"19"
"3643",199.02537540505,122,19,10,"B",110.340220433542,"19"
"3644",197.855264061723,124,19,10,"B",110.340220433542,"19"
"3645",196.687090609331,126,19,10,"B",110.340220433542,"19"
"3646",195.538951471183,128,19,10,"B",110.340220433542,"19"
"3647",194.42824889343,130,19,10,"B",110.340220433542,"19"
"3648",193.371448183523,132,19,10,"B",110.340220433542,"19"
"3649",192.383832165008,134,19,10,"B",110.340220433542,"19"
"3650",191.479290309987,136,19,10,"B",110.340220433542,"19"
"3651",190.67013419596,138,19,10,"B",110.340220433542,"19"
"3652",189.96691152483,140,19,10,"B",110.340220433542,"19"
"3653",189.378268206538,142,19,10,"B",110.340220433542,"19"
"3654",188.910814023795,144,19,10,"B",110.340220433542,"19"
"3655",188.569030153504,146,19,10,"B",110.340220433542,"19"
"3656",188.355250012204,148,19,10,"B",110.340220433542,"19"
"3657",188.269649910327,150,19,10,"B",110.340220433542,"19"
"3658",188.310282354372,152,19,10,"B",110.340220433542,"19"
"3659",188.473130867759,154,19,10,"B",110.340220433542,"19"
"3660",188.752173749097,156,19,10,"B",110.340220433542,"19"
"3661",189.139499399304,158,19,10,"B",110.340220433542,"19"
"3662",189.625444479523,160,19,10,"B",110.340220433542,"19"
"3663",190.198741408726,162,19,10,"B",110.340220433542,"19"
"3664",190.846708043279,164,19,10,"B",110.340220433542,"19"
"3665",191.555443548689,166,19,10,"B",110.340220433542,"19"
"3666",192.310059626896,168,19,10,"B",110.340220433542,"19"
"3667",193.094898117581,170,19,10,"B",110.340220433542,"19"
"3668",193.893773127932,172,19,10,"B",110.340220433542,"19"
"3669",194.690222552446,174,19,10,"B",110.340220433542,"19"
"3670",195.467752155857,176,19,10,"B",110.340220433542,"19"
"3671",196.210080161274,178,19,10,"B",110.340220433542,"19"
"3672",196.901371610425,180,19,10,"B",110.340220433542,"19"
"3673",197.526469362346,182,19,10,"B",110.340220433542,"19"
"3674",198.071099830974,184,19,10,"B",110.340220433542,"19"
"3675",198.522062640316,186,19,10,"B",110.340220433542,"19"
"3676",198.867421323159,188,19,10,"B",110.340220433542,"19"
"3677",199.09665274893,190,19,10,"B",110.340220433542,"19"
"3678",199.200783494429,192,19,10,"B",110.340220433542,"19"
"3679",199.172507131539,194,19,10,"B",110.340220433542,"19"
"3680",199.006272674611,196,19,10,"B",110.340220433542,"19"
"3681",198.69835554327,198,19,10,"B",110.340220433542,"19"
"3682",198.246889070196,200,19,10,"B",110.340220433542,"19"
"3683",197.651865997577,202,19,10,"B",110.340220433542,"19"
"3684",196.915164333487,204,19,10,"B",110.340220433542,"19"
"3685",196.040612544415,206,19,10,"B",110.340220433542,"19"
"3686",195.033914162728,208,19,10,"B",110.340220433542,"19"
"3687",193.902578619864,210,19,10,"B",110.340220433542,"19"
"3688",192.655794560921,212,19,10,"B",110.340220433542,"19"
"3689",191.304313015102,214,19,10,"B",110.340220433542,"19"
"3690",189.860309540485,216,19,10,"B",110.340220433542,"19"
"3691",188.337187294612,218,19,10,"B",110.340220433542,"19"
"3692",186.7493438445,220,19,10,"B",110.340220433542,"19"
"3693",185.11193730377,222,19,10,"B",110.340220433542,"19"
"3694",183.440664527525,224,19,10,"B",110.340220433542,"19"
"3695",181.751559697301,226,19,10,"B",110.340220433542,"19"
"3696",180.060796376187,228,19,10,"B",110.340220433542,"19"
"3697",178.384484849267,230,19,10,"B",110.340220433542,"19"
"3698",176.738468330248,232,19,10,"B",110.340220433542,"19"
"3699",175.138127673312,234,19,10,"B",110.340220433542,"19"
"3700",173.59819575036,236,19,10,"B",110.340220433542,"19"
"3701",172.132593206661,238,19,10,"B",110.340220433542,"19"
"3702",170.754263156332,240,19,10,"B",110.340220433542,"19"
"3703",169.475015849492,242,19,10,"B",110.340220433542,"19"
"3704",168.305401817173,244,19,10,"B",110.340220433542,"19"
"3705",167.25460099252,246,19,10,"B",110.340220433542,"19"
"3706",166.330307816456,248,19,10,"B",110.340220433542,"19"
"3707",165.538648078324,250,19,10,"B",110.340220433542,"19"
"3708",164.884142195671,252,19,10,"B",110.340220433542,"19"
"3709",164.369670042526,254,19,10,"B",110.340220433542,"19"
"3710",163.996458438326,256,19,10,"B",110.340220433542,"19"
"3711",163.764106573612,258,19,10,"B",110.340220433542,"19"
"3712",163.670612397485,260,19,10,"B",110.340220433542,"19"
"3713",163.712413645172,262,19,10,"B",110.340220433542,"19"
"3714",163.884470960233,264,19,10,"B",110.340220433542,"19"
"3715",164.180358446001,266,19,10,"B",110.340220433542,"19"
"3716",164.59235956283,268,19,10,"B",110.340220433542,"19"
"3717",165.111605060611,270,19,10,"B",110.340220433542,"19"
"3718",165.728206130247,272,19,10,"B",110.340220433542,"19"
"3719",166.431396975191,274,19,10,"B",110.340220433542,"19"
"3720",167.209703649237,276,19,10,"B",110.340220433542,"19"
"3721",168.051106707419,278,19,10,"B",110.340220433542,"19"
"3722",168.943211548967,280,19,10,"B",110.340220433542,"19"
"3723",169.873423709762,282,19,10,"B",110.340220433542,"19"
"3724",170.829121075596,284,19,10,"B",110.340220433542,"19"
"3725",171.797824983254,286,19,10,"B",110.340220433542,"19"
"3726",172.76736491553,288,19,10,"B",110.340220433542,"19"
"3727",173.726037691583,290,19,10,"B",110.340220433542,"19"
"3728",174.662759109758,292,19,10,"B",110.340220433542,"19"
"3729",175.567196125835,294,19,10,"B",110.340220433542,"19"
"3730",176.42989753195,296,19,10,"B",110.340220433542,"19"
"3731",177.242412596402,298,19,10,"B",110.340220433542,"19"
"3732",177.997399766977,300,19,10,"B",110.340220433542,"19"
"3733",178.688702402592,302,19,10,"B",110.340220433542,"19"
"3734",179.311420811296,304,19,10,"B",110.340220433542,"19"
"3735",179.861990025667,306,19,10,"B",110.340220433542,"19"
"3736",180.33820469186,308,19,10,"B",110.340220433542,"19"
"3737",180.73924593084,310,19,10,"B",110.340220433542,"19"
"3738",181.065694510434,312,19,10,"B",110.340220433542,"19"
"3739",181.319509206278,314,19,10,"B",110.340220433542,"19"
"3740",181.504004536077,316,19,10,"B",110.340220433542,"19"
"3741",181.623788898018,318,19,10,"B",110.340220433542,"19"
"3742",181.684691193769,320,19,10,"B",110.340220433542,"19"
"3743",181.693691490605,322,19,10,"B",110.340220433542,"19"
"3744",181.658809397013,324,19,10,"B",110.340220433542,"19"
"3745",181.588986719338,326,19,10,"B",110.340220433542,"19"
"3746",181.493969604587,328,19,10,"B",110.340220433542,"19"
"3747",181.384176513585,330,19,10,"B",110.340220433542,"19"
"3748",181.270561508348,332,19,10,"B",110.340220433542,"19"
"3749",181.164471957974,334,19,10,"B",110.340220433542,"19"
"3750",181.077496417425,336,19,10,"B",110.340220433542,"19"
"3751",181.0213071442,338,19,10,"B",110.340220433542,"19"
"3752",181.007500835458,340,19,10,"B",110.340220433542,"19"
"3753",181.047440921534,342,19,10,"B",110.340220433542,"19"
"3754",181.152098219391,344,19,10,"B",110.340220433542,"19"
"3755",181.33190288643,346,19,10,"B",110.340220433542,"19"
"3756",181.596598939416,348,19,10,"B",110.340220433542,"19"
"3757",181.955096759358,350,19,10,"B",110.340220433542,"19"
"3758",182.415360583036,352,19,10,"B",110.340220433542,"19"
"3759",182.984295406015,354,19,10,"B",110.340220433542,"19"
"3760",183.66764468814,356,19,10,"B",110.340220433542,"19"
"3761",184.469886001643,358,19,10,"B",110.340220433542,"19"
"3762",185.394201673223,360,19,10,"B",110.340220433542,"19"
"3763",186.442426815043,362,19,10,"B",110.340220433542,"19"
"3764",187.615015339365,364,19,10,"B",110.340220433542,"19"
"3765",188.911035400818,366,19,10,"B",110.340220433542,"19"
"3766",190.328180291382,368,19,10,"B",110.340220433542,"19"
"3767",191.862836537511,370,19,10,"B",110.340220433542,"19"
"3768",193.510156747975,372,19,10,"B",110.340220433542,"19"
"3769",195.264141108803,374,19,10,"B",110.340220433542,"19"
"3770",197.117733604647,376,19,10,"B",110.340220433542,"19"
"3771",199.062960682185,378,19,10,"B",110.340220433542,"19"
"3772",201.091086862399,380,19,10,"B",110.340220433542,"19"
"3773",203.19279754306,382,19,10,"B",110.340220433542,"19"
"3774",205.358388081364,384,19,10,"B",110.340220433542,"19"
"3775",207.577980926911,386,19,10,"B",110.340220433542,"19"
"3776",209.841758681538,388,19,10,"B",110.340220433542,"19"
"3777",212.140211851497,390,19,10,"B",110.340220433542,"19"
"3778",214.464405412028,392,19,10,"B",110.340220433542,"19"
"3779",216.806276771859,394,19,10,"B",110.340220433542,"19"
"3780",219.158914202343,396,19,10,"B",110.340220433542,"19"
"3781",221.51687864325,398,19,10,"B",110.340220433542,"19"
"3782",235.104780190958,2,20,10,"B",116.426924809464,"20"
"3783",232.177802735564,4,20,10,"B",116.426924809464,"20"
"3784",229.254644757702,6,20,10,"B",116.426924809464,"20"
"3785",226.338906349679,8,20,10,"B",116.426924809464,"20"
"3786",223.435239520628,10,20,10,"B",116.426924809464,"20"
"3787",220.549248874999,12,20,10,"B",116.426924809464,"20"
"3788",217.687400123684,14,20,10,"B",116.426924809464,"20"
"3789",214.856930882103,16,20,10,"B",116.426924809464,"20"
"3790",212.065765565671,18,20,10,"B",116.426924809464,"20"
"3791",209.322441593255,20,20,10,"B",116.426924809464,"20"
"3792",206.636031077958,22,20,10,"B",116.426924809464,"20"
"3793",204.01604851042,24,20,10,"B",116.426924809464,"20"
"3794",201.472365818543,26,20,10,"B",116.426924809464,"20"
"3795",199.015123898221,28,20,10,"B",116.426924809464,"20"
"3796",196.654637864257,30,20,10,"B",116.426924809464,"20"
"3797",194.401299299474,32,20,10,"B",116.426924809464,"20"
"3798",192.265471256542,34,20,10,"B",116.426924809464,"20"
"3799",190.257377726955,36,20,10,"B",116.426924809464,"20"
"3800",188.386990115089,38,20,10,"B",116.426924809464,"20"
"3801",186.663911343517,40,20,10,"B",116.426924809464,"20"
"3802",185.0972459701,42,20,10,"B",116.426924809464,"20"
"3803",183.695478096572,44,20,10,"B",116.426924809464,"20"
"3804",182.466348569808,46,20,10,"B",116.426924809464,"20"
"3805",181.416731310744,48,20,10,"B",116.426924809464,"20"
"3806",180.552523940223,50,20,10,"B",116.426924809464,"20"
"3807",179.878522801112,52,20,10,"B",116.426924809464,"20"
"3808",179.398301706246,54,20,10,"B",116.426924809464,"20"
"3809",179.114103791122,56,20,10,"B",116.426924809464,"20"
"3810",179.026753379386,58,20,10,"B",116.426924809464,"20"
"3811",179.135596495914,60,20,10,"B",116.426924809464,"20"
"3812",179.438417080231,62,20,10,"B",116.426924809464,"20"
"3813",179.931360084096,64,20,10,"B",116.426924809464,"20"
"3814",180.60892907265,66,20,10,"B",116.426924809464,"20"
"3815",181.463971455808,68,20,10,"B",116.426924809464,"20"
"3816",182.487669454977,70,20,10,"B",116.426924809464,"20"
"3817",183.669567712484,72,20,10,"B",116.426924809464,"20"
"3818",184.997626287067,74,20,10,"B",116.426924809464,"20"
"3819",186.458321840268,76,20,10,"B",116.426924809464,"20"
"3820",188.036738015793,78,20,10,"B",116.426924809464,"20"
"3821",189.716682624841,80,20,10,"B",116.426924809464,"20"
"3822",191.480845074938,82,20,10,"B",116.426924809464,"20"
"3823",193.310949070926,84,20,10,"B",116.426924809464,"20"
"3824",195.187936079595,86,20,10,"B",116.426924809464,"20"
"3825",197.092170469907,88,20,10,"B",116.426924809464,"20"
"3826",199.003646049052,90,20,10,"B",116.426924809464,"20"
"3827",200.902204250155,92,20,10,"B",116.426924809464,"20"
"3828",202.767763026169,94,20,10,"B",116.426924809464,"20"
"3829",204.580550936524,96,20,10,"B",116.426924809464,"20"
"3830",206.321345928285,98,20,10,"B",116.426924809464,"20"
"3831",207.971709304324,100,20,10,"B",116.426924809464,"20"
"3832",209.514220960776,102,20,10,"B",116.426924809464,"20"
"3833",210.932697309003,104,20,10,"B",116.426924809464,"20"
"3834",212.212416212138,106,20,10,"B",116.426924809464,"20"
"3835",213.34032387219,108,20,10,"B",116.426924809464,"20"
"3836",214.305180098165,110,20,10,"B",116.426924809464,"20"
"3837",215.097740152518,112,20,10,"B",116.426924809464,"20"
"3838",215.710893467019,114,20,10,"B",116.426924809464,"20"
"3839",216.139734234188,116,20,10,"B",116.426924809464,"20"
"3840",216.38166589509,118,20,10,"B",116.426924809464,"20"
"3841",216.436440001088,120,20,10,"B",116.426924809464,"20"
"3842",216.306139367092,122,20,10,"B",116.426924809464,"20"
"3843",215.995173900168,124,20,10,"B",116.426924809464,"20"
"3844",215.510196690457,126,20,10,"B",116.426924809464,"20"
"3845",214.860021513155,128,20,10,"B",116.426924809464,"20"
"3846",214.055473133937,130,20,10,"B",116.426924809464,"20"
"3847",213.109197443028,132,20,10,"B",116.426924809464,"20"
"3848",212.03548035308,134,20,10,"B",116.426924809464,"20"
"3849",210.850017460256,136,20,10,"B",116.426924809464,"20"
"3850",209.569679768839,138,20,10,"B",116.426924809464,"20"
"3851",208.212253000343,140,20,10,"B",116.426924809464,"20"
"3852",206.796147133676,142,20,10,"B",116.426924809464,"20"
"3853",205.340113243683,144,20,10,"B",116.426924809464,"20"
"3854",203.862955357913,146,20,10,"B",116.426924809464,"20"
"3855",202.383244798005,148,20,10,"B",116.426924809464,"20"
"3856",200.919032440947,150,20,10,"B",116.426924809464,"20"
"3857",199.487570442862,152,20,10,"B",116.426924809464,"20"
"3858",198.105061109565,154,20,10,"B",116.426924809464,"20"
"3859",196.786401219754,156,20,10,"B",116.426924809464,"20"
"3860",195.544966808368,158,20,10,"B",116.426924809464,"20"
"3861",194.392406805977,160,20,10,"B",116.426924809464,"20"
"3862",193.33844805024,162,20,10,"B",116.426924809464,"20"
"3863",192.390765527706,164,20,10,"B",116.426924809464,"20"
"3864",191.554876099615,166,20,10,"B",116.426924809464,"20"
"3865",190.834064837376,168,20,10,"B",116.426924809464,"20"
"3866",190.229366266021,170,20,10,"B",116.426924809464,"20"
"3867",189.739585278054,172,20,10,"B",116.426924809464,"20"
"3868",189.361316747127,174,20,10,"B",116.426924809464,"20"
"3869",189.089016129914,176,20,10,"B",116.426924809464,"20"
"3870",188.915123370141,178,20,10,"B",116.426924809464,"20"
"3871",188.830198029257,180,20,10,"B",116.426924809464,"20"
"3872",188.823064129202,182,20,10,"B",116.426924809464,"20"
"3873",188.881028655673,184,20,10,"B",116.426924809464,"20"
"3874",188.99013268778,186,20,10,"B",116.426924809464,"20"
"3875",189.135392636586,188,20,10,"B",116.426924809464,"20"
"3876",189.301078798931,190,20,10,"B",116.426924809464,"20"
"3877",189.471020600134,192,20,10,"B",116.426924809464,"20"
"3878",189.628911541645,194,20,10,"B",116.426924809464,"20"
"3879",189.758621281184,196,20,10,"B",116.426924809464,"20"
"3880",189.844507152255,198,20,10,"B",116.426924809464,"20"
"3881",189.871730626375,200,20,10,"B",116.426924809464,"20"
"3882",189.82653760782,202,20,10,"B",116.426924809464,"20"
"3883",189.696523765743,204,20,10,"B",116.426924809464,"20"
"3884",189.470902851895,206,20,10,"B",116.426924809464,"20"
"3885",189.140746174752,208,20,10,"B",116.426924809464,"20"
"3886",188.699178513017,210,20,10,"B",116.426924809464,"20"
"3887",188.141553099871,212,20,10,"B",116.426924809464,"20"
"3888",187.465572345685,214,20,10,"B",116.426924809464,"20"
"3889",186.67139232738,216,20,10,"B",116.426924809464,"20"
"3890",185.761710562078,218,20,10,"B",116.426924809464,"20"
"3891",184.74175895666,220,20,10,"B",116.426924809464,"20"
"3892",183.6192094102,222,20,10,"B",116.426924809464,"20"
"3893",182.404063372533,224,20,10,"B",116.426924809464,"20"
"3894",181.108535236603,226,20,10,"B",116.426924809464,"20"
"3895",179.746947423734,228,20,10,"B",116.426924809464,"20"
"3896",178.335638191984,230,20,10,"B",116.426924809464,"20"
"3897",176.892780153245,232,20,10,"B",116.426924809464,"20"
"3898",175.438124247824,234,20,10,"B",116.426924809464,"20"
"3899",173.992695279689,236,20,10,"B",116.426924809464,"20"
"3900",172.57839152575,238,20,10,"B",116.426924809464,"20"
"3901",171.217582054917,240,20,10,"B",116.426924809464,"20"
"3902",169.932724866691,242,20,10,"B",116.426924809464,"20"
"3903",168.745977388795,244,20,10,"B",116.426924809464,"20"
"3904",167.678801096753,246,20,10,"B",116.426924809464,"20"
"3905",166.751564098066,248,20,10,"B",116.426924809464,"20"
"3906",165.983137068448,250,20,10,"B",116.426924809464,"20"
"3907",165.390561874053,252,20,10,"B",116.426924809464,"20"
"3908",164.988834546785,254,20,10,"B",116.426924809464,"20"
"3909",164.790649858958,256,20,10,"B",116.426924809464,"20"
"3910",164.806114748543,258,20,10,"B",116.426924809464,"20"
"3911",165.042518706217,260,20,10,"B",116.426924809464,"20"
"3912",165.504165276903,262,20,10,"B",116.426924809464,"20"
"3913",166.19221465581,264,20,10,"B",116.426924809464,"20"
"3914",167.104648212343,266,20,10,"B",116.426924809464,"20"
"3915",168.236240659839,268,20,10,"B",116.426924809464,"20"
"3916",169.578580075722,270,20,10,"B",116.426924809464,"20"
"3917",171.120145767334,272,20,10,"B",116.426924809464,"20"
"3918",172.846434772403,274,20,10,"B",116.426924809464,"20"
"3919",174.740119415783,276,20,10,"B",116.426924809464,"20"
"3920",176.7812732163,278,20,10,"B",116.426924809464,"20"
"3921",178.947615788282,280,20,10,"B",116.426924809464,"20"
"3922",181.214849783483,282,20,10,"B",116.426924809464,"20"
"3923",183.556993111665,284,20,10,"B",116.426924809464,"20"
"3924",185.946725989983,286,20,10,"B",116.426924809464,"20"
"3925",188.355804179863,288,20,10,"B",116.426924809464,"20"
"3926",190.755477973148,290,20,10,"B",116.426924809464,"20"
"3927",193.116921988917,292,20,10,"B",116.426924809464,"20"
"3928",195.411674237303,294,20,10,"B",116.426924809464,"20"
"3929",197.61207765162,296,20,10,"B",116.426924809464,"20"
"3930",199.691703448268,298,20,10,"B",116.426924809464,"20"
"3931",201.625755726529,300,20,10,"B",116.426924809464,"20"
"3932",203.391494021334,302,20,10,"B",116.426924809464,"20"
"3933",204.968586159131,304,20,10,"B",116.426924809464,"20"
"3934",206.339451024039,306,20,10,"B",116.426924809464,"20"
"3935",207.489543133855,308,20,10,"B",116.426924809464,"20"
"3936",208.407558241715,310,20,10,"B",116.426924809464,"20"
"3937",209.08563078684,312,20,10,"B",116.426924809464,"20"
"3938",209.519458558364,314,20,10,"B",116.426924809464,"20"
"3939",209.708410409287,316,20,10,"B",116.426924809464,"20"
"3940",209.655571334888,318,20,10,"B",116.426924809464,"20"
"3941",209.367654944358,320,20,10,"B",116.426924809464,"20"
"3942",208.854938671672,322,20,10,"B",116.426924809464,"20"
"3943",208.131074232064,324,20,10,"B",116.426924809464,"20"
"3944",207.212855841834,326,20,10,"B",116.426924809464,"20"
"3945",206.11999782083,328,20,10,"B",116.426924809464,"20"
"3946",204.874802691417,330,20,10,"B",116.426924809464,"20"
"3947",203.501801301775,332,20,10,"B",116.426924809464,"20"
"3948",202.027412111054,334,20,10,"B",116.426924809464,"20"
"3949",200.479526117439,336,20,10,"B",116.426924809464,"20"
"3950",198.887061880932,338,20,10,"B",116.426924809464,"20"
"3951",197.279522239754,340,20,10,"B",116.426924809464,"20"
"3952",195.6865518324,342,20,10,"B",116.426924809464,"20"
"3953",194.137496822988,344,20,10,"B",116.426924809464,"20"
"3954",192.660967595997,346,20,10,"B",116.426924809464,"20"
"3955",191.284425194741,348,20,10,"B",116.426924809464,"20"
"3956",190.033776883612,350,20,10,"B",116.426924809464,"20"
"3957",188.932985769619,352,20,10,"B",116.426924809464,"20"
"3958",188.003693102613,354,20,10,"B",116.426924809464,"20"
"3959",187.264915937663,356,20,10,"B",116.426924809464,"20"
"3960",186.732780508382,358,20,10,"B",116.426924809464,"20"
"3961",186.420301452738,360,20,10,"B",116.426924809464,"20"
"3962",186.337209628719,362,20,10,"B",116.426924809464,"20"
"3963",186.489826740084,364,20,10,"B",116.426924809464,"20"
"3964",186.881011876049,366,20,10,"B",116.426924809464,"20"
"3965",187.510180758599,368,20,10,"B",116.426924809464,"20"
"3966",188.373388585472,370,20,10,"B",116.426924809464,"20"
"3967",189.463500153122,372,20,10,"B",116.426924809464,"20"
"3968",190.770381588608,374,20,10,"B",116.426924809464,"20"
"3969",192.281156359874,376,20,10,"B",116.426924809464,"20"
"3970",193.980496229578,378,20,10,"B",116.426924809464,"20"
"3971",195.850972466036,380,20,10,"B",116.426924809464,"20"
"3972",197.873527857501,382,20,10,"B",116.426924809464,"20"
"3973",200.027967351631,384,20,10,"B",116.426924809464,"20"
"3974",202.293481846603,386,20,10,"B",116.426924809464,"20"
"3975",204.649236046877,388,20,10,"B",116.426924809464,"20"
"3976",207.074992841044,390,20,10,"B",116.426924809464,"20"
"3977",209.551777921355,392,20,10,"B",116.426924809464,"20"
"3978",212.062577173831,394,20,10,"B",116.426924809464,"20"
"3979",214.593068512144,396,20,10,"B",116.426924809464,"20"
"3980",217.132380153357,398,20,10,"B",116.426924809464,"20"
"3981",218.398233747837,2,21,11,"E",122.447750322627,"21"
"3982",215.306743028899,4,21,11,"E",122.447750322627,"21"
"3983",212.221086503919,6,21,11,"E",122.447750322627,"21"
"3984",209.147204857164,8,21,11,"E",122.447750322627,"21"
"3985",206.092812707546,10,21,11,"E",122.447750322627,"21"
"3986",203.067160932555,12,21,11,"E",122.447750322627,"21"
"3987",200.080815608804,14,21,11,"E",122.447750322627,"21"
"3988",197.145466078047,16,21,11,"E",122.447750322627,"21"
"3989",194.273705397829,18,21,11,"E",122.447750322627,"21"
"3990",191.478826426833,20,21,11,"E",122.447750322627,"21"
"3991",188.774621401262,22,21,11,"E",122.447750322627,"21"
"3992",186.175188777893,24,21,11,"E",122.447750322627,"21"
"3993",183.694750701641,26,21,11,"E",122.447750322627,"21"
"3994",181.347469332931,28,21,11,"E",122.447750322627,"21"
"3995",179.147268961999,30,21,11,"E",122.447750322627,"21"
"3996",177.107665992116,32,21,11,"E",122.447750322627,"21"
"3997",175.241593144023,34,21,11,"E",122.447750322627,"21"
"3998",173.561243415344,36,21,11,"E",122.447750322627,"21"
"3999",172.07791114554,38,21,11,"E",122.447750322627,"21"
"4000",170.801846467445,40,21,11,"E",122.447750322627,"21"
"4001",169.742117229688,42,21,11,"E",122.447750322627,"21"
"4002",168.906483110438,44,21,11,"E",122.447750322627,"21"
"4003",168.301258304782,46,21,11,"E",122.447750322627,"21"
"4004",167.931203965257,48,21,11,"E",122.447750322627,"21"
"4005",167.799429641073,50,21,11,"E",122.447750322627,"21"
"4006",167.907295338014,52,21,11,"E",122.447750322627,"21"
"4007",168.254324531828,54,21,11,"E",122.447750322627,"21"
"4008",168.838137782589,56,21,11,"E",122.447750322627,"21"
"4009",169.654415564358,58,21,11,"E",122.447750322627,"21"
"4010",170.696869862428,60,21,11,"E",122.447750322627,"21"
"4011",171.957218804495,62,21,11,"E",122.447750322627,"21"
"4012",173.425193759428,64,21,11,"E",122.447750322627,"21"
"4013",175.088595802201,66,21,11,"E",122.447750322627,"21"
"4014",176.933367374019,68,21,11,"E",122.447750322627,"21"
"4015",178.943641990521,70,21,11,"E",122.447750322627,"21"
"4016",181.101830635347,72,21,11,"E",122.447750322627,"21"
"4017",183.388754405654,74,21,11,"E",122.447750322627,"21"
"4018",185.783764657494,76,21,11,"E",122.447750322627,"21"
"4019",188.264896032843,78,21,11,"E",122.447750322627,"21"
"4020",190.809050838931,80,21,11,"E",122.447750322627,"21"
"4021",193.392195285403,82,21,11,"E",122.447750322627,"21"
"4022",195.98956674112,84,21,11,"E",122.447750322627,"21"
"4023",198.575911282648,86,21,11,"E",122.447750322627,"21"
"4024",201.125729530815,88,21,11,"E",122.447750322627,"21"
"4025",203.613528435687,90,21,11,"E",122.447750322627,"21"
"4026",206.014081870056,92,21,11,"E",122.447750322627,"21"
"4027",208.302694242068,94,21,11,"E",122.447750322627,"21"
"4028",210.455471691208,96,21,11,"E",122.447750322627,"21"
"4029",212.449570926154,98,21,11,"E",122.447750322627,"21"
"4030",214.263460691948,100,21,11,"E",122.447750322627,"21"
"4031",215.877175230781,102,21,11,"E",122.447750322627,"21"
"4032",217.272535631377,104,21,11,"E",122.447750322627,"21"
"4033",218.433365487418,106,21,11,"E",122.447750322627,"21"
"4034",219.34568151236,108,21,11,"E",122.447750322627,"21"
"4035",219.997850383219,110,21,11,"E",122.447750322627,"21"
"4036",220.380767859195,112,21,11,"E",122.447750322627,"21"
"4037",220.488001993748,114,21,11,"E",122.447750322627,"21"
"4038",220.315858062156,116,21,11,"E",122.447750322627,"21"
"4039",219.863471928566,118,21,11,"E",122.447750322627,"21"
"4040",219.132835551541,120,21,11,"E",122.447750322627,"21"
"4041",218.128761725657,122,21,11,"E",122.447750322627,"21"
"4042",216.858854576764,124,21,11,"E",122.447750322627,"21"
"4043",215.333463253647,126,21,11,"E",122.447750322627,"21"
"4044",213.565558469951,128,21,11,"E",122.447750322627,"21"
"4045",211.57061871751,130,21,11,"E",122.447750322627,"21"
"4046",209.366485550027,132,21,11,"E",122.447750322627,"21"
"4047",206.973161206962,134,21,11,"E",122.447750322627,"21"
"4048",204.41260815359,136,21,11,"E",122.447750322627,"21"
"4049",201.708528756078,138,21,11,"E",122.447750322627,"21"
"4050",198.886106568148,140,21,11,"E",122.447750322627,"21"
"4051",195.971718725711,142,21,11,"E",122.447750322627,"21"
"4052",192.992646595083,144,21,11,"E",122.447750322627,"21"
"4053",189.97675502564,146,21,11,"E",122.447750322627,"21"
"4054",186.952171820841,148,21,11,"E",122.447750322627,"21"
"4055",183.946956593828,150,21,11,"E",122.447750322627,"21"
"4056",180.988769086973,152,21,11,"E",122.447750322627,"21"
"4057",178.104544216307,154,21,11,"E",122.447750322627,"21"
"4058",175.320163370572,156,21,11,"E",122.447750322627,"21"
"4059",172.660158761479,158,21,11,"E",122.447750322627,"21"
"4060",170.147416563144,160,21,11,"E",122.447750322627,"21"
"4061",167.802896113035,162,21,11,"E",122.447750322627,"21"
"4062",165.645405586162,164,21,11,"E",122.447750322627,"21"
"4063",163.691355093964,166,21,11,"E",122.447750322627,"21"
"4064",161.954572833854,168,21,11,"E",122.447750322627,"21"
"4065",160.446159903556,170,21,11,"E",122.447750322627,"21"
"4066",159.174340801789,172,21,11,"E",122.447750322627,"21"
"4067",158.144394807075,174,21,11,"E",122.447750322627,"21"
"4068",157.358589517391,176,21,11,"E",122.447750322627,"21"
"4069",156.816198700484,178,21,11,"E",122.447750322627,"21"
"4070",156.513570515975,180,21,11,"E",122.447750322627,"21"
"4071",156.444181011385,182,21,11,"E",122.447750322627,"21"
"4072",156.598787703627,184,21,11,"E",122.447750322627,"21"
"4073",156.965582456435,186,21,11,"E",122.447750322627,"21"
"4074",157.530377635478,188,21,11,"E",122.447750322627,"21"
"4075",158.276843453728,190,21,11,"E",122.447750322627,"21"
"4076",159.186780845122,192,21,11,"E",122.447750322627,"21"
"4077",160.240392548172,194,21,11,"E",122.447750322627,"21"
"4078",161.416566264571,196,21,11,"E",122.447750322627,"21"
"4079",162.693196705631,198,21,11,"E",122.447750322627,"21"
"4080",164.047504033501,200,21,11,"E",122.447750322627,"21"
"4081",165.456349740294,202,21,11,"E",122.447750322627,"21"
"4082",166.89655965123,204,21,11,"E",122.447750322627,"21"
"4083",168.345237407271,206,21,11,"E",122.447750322627,"21"
"4084",169.780079407306,208,21,11,"E",122.447750322627,"21"
"4085",171.179663706537,210,21,11,"E",122.447750322627,"21"
"4086",172.523734462745,212,21,11,"E",122.447750322627,"21"
"4087",173.793504062,214,21,11,"E",122.447750322627,"21"
"4088",174.971929918947,216,21,11,"E",122.447750322627,"21"
"4089",176.043970130942,218,21,11,"E",122.447750322627,"21"
"4090",176.996739794442,220,21,11,"E",122.447750322627,"21"
"4091",177.819707437334,222,21,11,"E",122.447750322627,"21"
"4092",178.504842396394,224,21,11,"E",122.447750322627,"21"
"4093",179.046758820132,226,21,11,"E",122.447750322627,"21"
"4094",179.442700546672,228,21,11,"E",122.447750322627,"21"
"4095",179.692495269641,230,21,11,"E",122.447750322627,"21"
"4096",179.798404628292,232,21,11,"E",122.447750322627,"21"
"4097",179.764961607586,234,21,11,"E",122.447750322627,"21"
"4098",179.598833354353,236,21,11,"E",122.447750322627,"21"
"4099",179.308673701396,238,21,11,"E",122.447750322627,"21"
"4100",178.904964264474,240,21,11,"E",122.447750322627,"21"
"4101",178.399837226837,242,21,11,"E",122.447750322627,"21"
"4102",177.806848813767,244,21,11,"E",122.447750322627,"21"
"4103",177.140743880607,246,21,11,"E",122.447750322627,"21"
"4104",176.41721435587,248,21,11,"E",122.447750322627,"21"
"4105",175.652644110299,250,21,11,"E",122.447750322627,"21"
"4106",174.863848358474,252,21,11,"E",122.447750322627,"21"
"4107",174.06780990061,254,21,11,"E",122.447750322627,"21"
"4108",173.281413522402,256,21,11,"E",122.447750322627,"21"
"4109",172.521185868656,258,21,11,"E",122.447750322627,"21"
"4110",171.803043330289,260,21,11,"E",122.447750322627,"21"
"4111",171.142060130107,262,21,11,"E",122.447750322627,"21"
"4112",170.552230687906,264,21,11,"E",122.447750322627,"21"
"4113",170.046256300022,266,21,11,"E",122.447750322627,"21"
"4114",169.635376108121,268,21,11,"E",122.447750322627,"21"
"4115",169.329203568745,270,21,11,"E",122.447750322627,"21"
"4116",169.135619125922,272,21,11,"E",122.447750322627,"21"
"4117",169.060693978903,274,21,11,"E",122.447750322627,"21"
"4118",169.108621844742,276,21,11,"E",122.447750322627,"21"
"4119",169.281688294739,278,21,11,"E",122.447750322627,"21"
"4120",169.580268351405,280,21,11,"E",122.447750322627,"21"
"4121",170.002858310718,282,21,11,"E",122.447750322627,"21"
"4122",170.546143411267,284,21,11,"E",122.447750322627,"21"
"4123",171.205068371173,286,21,11,"E",122.447750322627,"21"
"4124",171.972936876075,288,21,11,"E",122.447750322627,"21"
"4125",172.841589051264,290,21,11,"E",122.447750322627,"21"
"4126",173.801558547088,292,21,11,"E",122.447750322627,"21"
"4127",174.842229184091,294,21,11,"E",122.447750322627,"21"
"4128",175.95202198249,296,21,11,"E",122.447750322627,"21"
"4129",177.118604017443,298,21,11,"E",122.447750322627,"21"
"4130",178.329091033473,300,21,11,"E",122.447750322627,"21"
"4131",179.570265421015,302,21,11,"E",122.447750322627,"21"
"4132",180.828787647032,304,21,11,"E",122.447750322627,"21"
"4133",182.091406276312,306,21,11,"E",122.447750322627,"21"
"4134",183.345160878513,308,21,11,"E",122.447750322627,"21"
"4135",184.577573911881,310,21,11,"E",122.447750322627,"21"
"4136",185.776836916205,312,21,11,"E",122.447750322627,"21"
"4137",186.93197564219,314,21,11,"E",122.447750322627,"21"
"4138",188.032994766381,316,21,11,"E",122.447750322627,"21"
"4139",189.071017741191,318,21,11,"E",122.447750322627,"21"
"4140",190.03839856182,320,21,11,"E",122.447750322627,"21"
"4141",190.928805133643,322,21,11,"E",122.447750322627,"21"
"4142",191.737272059155,324,21,11,"E",122.447750322627,"21"
"4143",192.46024897957,326,21,11,"E",122.447750322627,"21"
"4144",193.09565195282,328,21,11,"E",122.447750322627,"21"
"4145",193.642848366494,330,21,11,"E",122.447750322627,"21"
"4146",194.102633708512,332,21,11,"E",122.447750322627,"21"
"4147",194.477179025386,334,21,11,"E",122.447750322627,"21"
"4148",194.769966240722,336,21,11,"E",122.447750322627,"21"
"4149",194.985684203415,338,21,11,"E",122.447750322627,"21"
"4150",195.130099143459,340,21,11,"E",122.447750322627,"21"
"4151",195.209943010994,342,21,11,"E",122.447750322627,"21"
"4152",195.232751749237,344,21,11,"E",122.447750322627,"21"
"4153",195.206692429796,346,21,11,"E",122.447750322627,"21"
"4154",195.140387594592,348,21,11,"E",122.447750322627,"21"
"4155",195.042735382826,350,21,11,"E",122.447750322627,"21"
"4156",194.922728776379,352,21,11,"E",122.447750322627,"21"
"4157",194.789276707964,354,21,11,"E",122.447750322627,"21"
"4158",194.651030094551,356,21,11,"E",122.447750322627,"21"
"4159",194.516220037313,358,21,11,"E",122.447750322627,"21"
"4160",194.392509910025,360,21,11,"E",122.447750322627,"21"
"4161",194.2868633698,362,21,11,"E",122.447750322627,"21"
"4162",194.205429510786,364,21,11,"E",122.447750322627,"21"
"4163",194.153446168783,366,21,11,"E",122.447750322627,"21"
"4164",194.135167588127,368,21,11,"E",122.447750322627,"21"
"4165",194.153793101135,370,21,11,"E",122.447750322627,"21"
"4166",194.211455297004,372,21,11,"E",122.447750322627,"21"
"4167",194.309225871522,374,21,11,"E",122.447750322627,"21"
"4168",194.44713483071,376,21,11,"E",122.447750322627,"21"
"4169",194.624221198143,378,21,11,"E",122.447750322627,"21"
"4170",194.838618457539,380,21,11,"E",122.447750322627,"21"
"4171",195.087661620365,382,21,11,"E",122.447750322627,"21"
"4172",195.367996520982,384,21,11,"E",122.447750322627,"21"
"4173",195.675734191203,386,21,11,"E",122.447750322627,"21"
"4174",196.006616242594,388,21,11,"E",122.447750322627,"21"
"4175",196.356195516686,390,21,11,"E",122.447750322627,"21"
"4176",196.720034314085,392,21,11,"E",122.447750322627,"21"
"4177",197.093918826391,394,21,11,"E",122.447750322627,"21"
"4178",197.474080689612,396,21,11,"E",122.447750322627,"21"
"4179",197.857439144658,398,21,11,"E",122.447750322627,"21"
"4180",196.154277750468,2,22,11,"E",128.540554585316,"22"
"4181",197.202413154219,4,22,11,"E",128.540554585316,"22"
"4182",198.245873481245,6,22,11,"E",128.540554585316,"22"
"4183",199.279379757168,8,22,11,"E",128.540554585316,"22"
"4184",200.296187457251,10,22,11,"E",128.540554585316,"22"
"4185",201.288462413638,12,22,11,"E",128.540554585316,"22"
"4186",202.247653654922,14,22,11,"E",128.540554585316,"22"
"4187",203.164843153929,16,22,11,"E",128.540554585316,"22"
"4188",204.031089473839,18,22,11,"E",128.540554585316,"22"
"4189",204.837750561811,20,22,11,"E",128.540554585316,"22"
"4190",205.57678671451,22,22,11,"E",128.540554585316,"22"
"4191",206.241020669392,24,22,11,"E",128.540554585316,"22"
"4192",206.824395037894,26,22,11,"E",128.540554585316,"22"
"4193",207.322189544194,28,22,11,"E",128.540554585316,"22"
"4194",207.731201716273,30,22,11,"E",128.540554585316,"22"
"4195",208.049854420805,32,22,11,"E",128.540554585316,"22"
"4196",208.278277137595,34,22,11,"E",128.540554585316,"22"
"4197",208.418387185156,36,22,11,"E",128.540554585316,"22"
"4198",208.473896408366,38,22,11,"E",128.540554585316,"22"
"4199",208.450283891522,40,22,11,"E",128.540554585316,"22"
"4200",208.354704539883,42,22,11,"E",128.540554585316,"22"
"4201",208.19589628079,44,22,11,"E",128.540554585316,"22"
"4202",207.984050060373,46,22,11,"E",128.540554585316,"22"
"4203",207.730652008686,48,22,11,"E",128.540554585316,"22"
"4204",207.448275809089,50,22,11,"E",128.540554585316,"22"
"4205",207.150336037674,52,22,11,"E",128.540554585316,"22"
"4206",206.850837998452,54,22,11,"E",128.540554585316,"22"
"4207",206.564105930501,56,22,11,"E",128.540554585316,"22"
"4208",206.304503504811,58,22,11,"E",128.540554585316,"22"
"4209",206.086144812636,60,22,11,"E",128.540554585316,"22"
"4210",205.922609109796,62,22,11,"E",128.540554585316,"22"
"4211",205.82667234826,64,22,11,"E",128.540554585316,"22"
"4212",205.810031545759,66,22,11,"E",128.540554585316,"22"
"4213",205.883041131273,68,22,11,"E",128.540554585316,"22"
"4214",206.054456118063,70,22,11,"E",128.540554585316,"22"
"4215",206.331201170037,72,22,11,"E",128.540554585316,"22"
"4216",206.718219109612,74,22,11,"E",128.540554585316,"22"
"4217",207.218304271262,76,22,11,"E",128.540554585316,"22"
"4218",207.832001508596,78,22,11,"E",128.540554585316,"22"
"4219",208.557508592573,80,22,11,"E",128.540554585316,"22"
"4220",209.390640442294,82,22,11,"E",128.540554585316,"22"
"4221",210.324837881244,84,22,11,"E",128.540554585316,"22"
"4222",211.351206858468,86,22,11,"E",128.540554585316,"22"
"4223",212.458628198736,88,22,11,"E",128.540554585316,"22"
"4224",213.633859806027,90,22,11,"E",128.540554585316,"22"
"4225",214.861702665549,92,22,11,"E",128.540554585316,"22"
"4226",216.125200432686,94,22,11,"E",128.540554585316,"22"
"4227",217.40587867464,96,22,11,"E",128.540554585316,"22"
"4228",218.684001476399,98,22,11,"E",128.540554585316,"22"
"4229",219.938855187633,100,22,11,"E",128.540554585316,"22"
"4230",221.149068637236,102,22,11,"E",128.540554585316,"22"
"4231",222.292935544846,104,22,11,"E",128.540554585316,"22"
"4232",223.348757862813,106,22,11,"E",128.540554585316,"22"
"4233",224.295196222948,108,22,11,"E",128.540554585316,"22"
"4234",225.111615673544,110,22,11,"E",128.540554585316,"22"
"4235",225.778430168523,112,22,11,"E",128.540554585316,"22"
"4236",226.277439444014,114,22,11,"E",128.540554585316,"22"
"4237",226.59215320906,116,22,11,"E",128.540554585316,"22"
"4238",226.708104195788,118,22,11,"E",128.540554585316,"22"
"4239",226.613085837303,120,22,11,"E",128.540554585316,"22"
"4240",226.297407146788,122,22,11,"E",128.540554585316,"22"
"4241",225.75408365891,124,22,11,"E",128.540554585316,"22"
"4242",224.979052991716,126,22,11,"E",128.540554585316,"22"
"4243",223.971268532555,128,22,11,"E",128.540554585316,"22"
"4244",222.732756205414,130,22,11,"E",128.540554585316,"22"
"4245",221.268649086008,132,22,11,"E",128.540554585316,"22"
"4246",219.587185185557,134,22,11,"E",128.540554585316,"22"
"4247",217.699639587298,136,22,11,"E",128.540554585316,"22"
"4248",215.620211816852,138,22,11,"E",128.540554585316,"22"
"4249",213.365877358198,140,22,11,"E",128.540554585316,"22"
"4250",210.956129100194,142,22,11,"E",128.540554585316,"22"
"4251",208.412750819455,144,22,11,"E",128.540554585316,"22"
"4252",205.759516007138,146,22,11,"E",128.540554585316,"22"
"4253",203.021887102263,148,22,11,"E",128.540554585316,"22"
"4254",200.22666723896,150,22,11,"E",128.540554585316,"22"
"4255",197.401646958542,152,22,11,"E",128.540554585316,"22"
"4256",194.57523069937,154,22,11,"E",128.540554585316,"22"
"4257",191.776052011416,156,22,11,"E",128.540554585316,"22"
"4258",189.032584726952,158,22,11,"E",128.540554585316,"22"
"4259",186.372758785218,160,22,11,"E",128.540554585316,"22"
"4260",183.823585538569,162,22,11,"E",128.540554585316,"22"
"4261",181.41079850853,164,22,11,"E",128.540554585316,"22"
"4262",179.158505891937,166,22,11,"E",128.540554585316,"22"
"4263",177.088857229702,168,22,11,"E",128.540554585316,"22"
"4264",175.221775411645,170,22,11,"E",128.540554585316,"22"
"4265",173.574709546215,172,22,11,"E",128.540554585316,"22"
"4266",172.162444574481,174,22,11,"E",128.540554585316,"22"
"4267",170.99692382264,176,22,11,"E",128.540554585316,"22"
"4268",170.0871033663,178,22,11,"E",128.540554585316,"22"
"4269",169.438865705145,180,22,11,"E",128.540554585316,"22"
"4270",169.054968775271,182,22,11,"E",128.540554585316,"22"
"4271",168.934999098245,184,22,11,"E",128.540554585316,"22"
"4272",169.075433083964,186,22,11,"E",128.540554585316,"22"
"4273",169.469693169333,188,22,11,"E",128.540554585316,"22"
"4274",170.108241651791,190,22,11,"E",128.540554585316,"22"
"4275",170.978741211798,192,22,11,"E",128.540554585316,"22"
"4276",172.066231574709,194,22,11,"E",128.540554585316,"22"
"4277",173.353344019036,196,22,11,"E",128.540554585316,"22"
"4278",174.820570668154,198,22,11,"E",128.540554585316,"22"
"4279",176.446539800579,200,22,11,"E",128.540554585316,"22"
"4280",178.208336571258,202,22,11,"E",128.540554585316,"22"
"4281",180.081818415022,204,22,11,"E",128.540554585316,"22"
"4282",182.041953510741,206,22,11,"E",128.540554585316,"22"
"4283",184.063166673584,208,22,11,"E",128.540554585316,"22"
"4284",186.119681419276,210,22,11,"E",128.540554585316,"22"
"4285",188.185865405011,212,22,11,"E",128.540554585316,"22"
"4286",190.236566631752,214,22,11,"E",128.540554585316,"22"
"4287",192.247442350469,216,22,11,"E",128.540554585316,"22"
"4288",194.1952637405,218,22,11,"E",128.540554585316,"22"
"4289",196.05820676772,220,22,11,"E",128.540554585316,"22"
"4290",197.816122037591,222,22,11,"E",128.540554585316,"22"
"4291",199.450753905627,224,22,11,"E",128.540554585316,"22"
"4292",200.945966186322,226,22,11,"E",128.540554585316,"22"
"4293",202.287888139667,228,22,11,"E",128.540554585316,"22"
"4294",203.46504600308,230,22,11,"E",128.540554585316,"22"
"4295",204.468464991313,232,22,11,"E",128.540554585316,"22"
"4296",205.291703337278,234,22,11,"E",128.540554585316,"22"
"4297",205.930854417688,236,22,11,"E",128.540554585316,"22"
"4298",206.38444211156,238,22,11,"E",128.540554585316,"22"
"4299",206.653401143943,240,22,11,"E",128.540554585316,"22"
"4300",206.741125173898,242,22,11,"E",128.540554585316,"22"
"4301",206.653463518077,244,22,11,"E",128.540554585316,"22"
"4302",206.398617387936,246,22,11,"E",128.540554585316,"22"
"4303",205.986841005044,248,22,11,"E",128.540554585316,"22"
"4304",205.43015172422,250,22,11,"E",128.540554585316,"22"
"4305",204.742073770715,252,22,11,"E",128.540554585316,"22"
"4306",203.937382582018,254,22,11,"E",128.540554585316,"22"
"4307",203.031812537245,256,22,11,"E",128.540554585316,"22"
"4308",202.041792992479,258,22,11,"E",128.540554585316,"22"
"4309",200.984176042481,260,22,11,"E",128.540554585316,"22"
"4310",199.875976415628,262,22,11,"E",128.540554585316,"22"
"4311",198.734115547646,264,22,11,"E",128.540554585316,"22"
"4312",197.575182447378,266,22,11,"E",128.540554585316,"22"
"4313",196.415216757555,268,22,11,"E",128.540554585316,"22"
"4314",195.269513953471,270,22,11,"E",128.540554585316,"22"
"4315",194.152446055026,272,22,11,"E",128.540554585316,"22"
"4316",193.077286847082,274,22,11,"E",128.540554585316,"22"
"4317",192.056078017981,276,22,11,"E",128.540554585316,"22"
"4318",191.099513231672,278,22,11,"E",128.540554585316,"22"
"4319",190.216835737671,280,22,11,"E",128.540554585316,"22"
"4320",189.415783874677,282,22,11,"E",128.540554585316,"22"
"4321",188.702551910615,284,22,11,"E",128.540554585316,"22"
"4322",188.081781222092,286,22,11,"E",128.540554585316,"22"
"4323",187.556593313178,288,22,11,"E",128.540554585316,"22"
"4324",187.128621207824,290,22,11,"E",128.540554585316,"22"
"4325",186.79807733767,292,22,11,"E",128.540554585316,"22"
"4326",186.563832308567,294,22,11,"E",128.540554585316,"22"
"4327",186.423519633971,296,22,11,"E",128.540554585316,"22"
"4328",186.373667506669,298,22,11,"E",128.540554585316,"22"
"4329",186.409835979151,300,22,11,"E",128.540554585316,"22"
"4330",186.526756355223,302,22,11,"E",128.540554585316,"22"
"4331",186.718492044204,304,22,11,"E",128.540554585316,"22"
"4332",186.978594540095,306,22,11,"E",128.540554585316,"22"
"4333",187.300266403784,308,22,11,"E",128.540554585316,"22"
"4334",187.67652394551,310,22,11,"E",128.540554585316,"22"
"4335",188.100351304383,312,22,11,"E",128.540554585316,"22"
"4336",188.564850316772,314,22,11,"E",128.540554585316,"22"
"4337",189.063378131024,316,22,11,"E",128.540554585316,"22"
"4338",189.589673294916,318,22,11,"E",128.540554585316,"22"
"4339",190.137962730542,320,22,11,"E",128.540554585316,"22"
"4340",190.70305744136,322,22,11,"E",128.540554585316,"22"
"4341",191.280436801279,324,22,11,"E",128.540554585316,"22"
"4342",191.86629964816,326,22,11,"E",128.540554585316,"22"
"4343",192.457605419896,328,22,11,"E",128.540554585316,"22"
"4344",193.052088693279,330,22,11,"E",128.540554585316,"22"
"4345",193.648254958285,332,22,11,"E",128.540554585316,"22"
"4346",194.245365662104,334,22,11,"E",128.540554585316,"22"
"4347",194.843395388049,336,22,11,"E",128.540554585316,"22"
"4348",195.442975650426,338,22,11,"E",128.540554585316,"22"
"4349",196.045335012438,340,22,11,"E",128.540554585316,"22"
"4350",196.652219638646,342,22,11,"E",128.540554585316,"22"
"4351",197.265807032098,344,22,11,"E",128.540554585316,"22"
"4352",197.888614267497,346,22,11,"E",128.540554585316,"22"
"4353",198.523400126454,348,22,11,"E",128.540554585316,"22"
"4354",199.173070138368,350,22,11,"E",128.540554585316,"22"
"4355",199.840578770613,352,22,11,"E",128.540554585316,"22"
"4356",200.528833390467,354,22,11,"E",128.540554585316,"22"
"4357",201.240602948769,356,22,11,"E",128.540554585316,"22"
"4358",201.978430799057,358,22,11,"E",128.540554585316,"22"
"4359",202.744558858252,360,22,11,"E",128.540554585316,"22"
"4360",203.540862264049,362,22,11,"E",128.540554585316,"22"
"4361",204.368791205945,364,22,11,"E",128.540554585316,"22"
"4362",205.229325063699,366,22,11,"E",128.540554585316,"22"
"4363",206.12294244211,368,22,11,"E",128.540554585316,"22"
"4364",207.049604609552,370,22,11,"E",128.540554585316,"22"
"4365",208.008755262602,372,22,11,"E",128.540554585316,"22"
"4366",208.999338524451,374,22,11,"E",128.540554585316,"22"
"4367",210.019821313172,376,22,11,"E",128.540554585316,"22"
"4368",211.06823341286,378,22,11,"E",128.540554585316,"22"
"4369",212.142222665875,380,22,11,"E",128.540554585316,"22"
"4370",213.239124403139,382,22,11,"E",128.540554585316,"22"
"4371",214.356037622886,384,22,11,"E",128.540554585316,"22"
"4372",215.489912284191,386,22,11,"E",128.540554585316,"22"
"4373",216.637647063012,388,22,11,"E",128.540554585316,"22"
"4374",217.796193936175,390,22,11,"E",128.540554585316,"22"
"4375",218.962669693789,392,22,11,"E",128.540554585316,"22"
"4376",220.134470930618,394,22,11,"E",128.540554585316,"22"
"4377",221.309389716153,396,22,11,"E",128.540554585316,"22"
"4378",222.485732498647,398,22,11,"E",128.540554585316,"22"
"4379",198.680065836531,2,23,12,"B",134.522876331975,"23"
"4380",198.87014715398,4,23,12,"B",134.522876331975,"23"
"4381",199.060994369392,6,23,12,"B",134.522876331975,"23"
"4382",199.253615347364,8,23,12,"B",134.522876331975,"23"
"4383",199.449373108167,10,23,12,"B",134.522876331975,"23"
"4384",199.649921211833,12,23,12,"B",134.522876331975,"23"
"4385",199.857142651096,14,23,12,"B",134.522876331975,"23"
"4386",200.07308727354,16,23,12,"B",134.522876331975,"23"
"4387",200.299910299894,18,23,12,"B",134.522876331975,"23"
"4388",200.539814856728,20,23,12,"B",134.522876331975,"23"
"4389",200.794995120821,22,23,12,"B",134.522876331975,"23"
"4390",201.067582995433,24,23,12,"B",134.522876331975,"23"
"4391",201.359595756447,26,23,12,"B",134.522876331975,"23"
"4392",201.672886229762,28,23,12,"B",134.522876331975,"23"
"4393",202.009099358777,30,23,12,"B",134.522876331975,"23"
"4394",202.369632811031,32,23,12,"B",134.522876331975,"23"
"4395",202.755598607448,34,23,12,"B",134.522876331975,"23"
"4396",203.167793037151,36,23,12,"B",134.522876331975,"23"
"4397",203.606671371522,38,23,12,"B",134.522876331975,"23"
"4398",204.072325528125,40,23,12,"B",134.522876331975,"23"
"4399",204.564474902507,42,23,12,"B",134.522876331975,"23"
"4400",205.08245677885,44,23,12,"B",134.522876331975,"23"
"4401",205.625216870882,46,23,12,"B",134.522876331975,"23"
"4402",206.191302784633,48,23,12,"B",134.522876331975,"23"
"4403",206.778874159563,50,23,12,"B",134.522876331975,"23"
"4404",207.385712926821,52,23,12,"B",134.522876331975,"23"
"4405",208.009238973689,54,23,12,"B",134.522876331975,"23"
"4406",208.646530236084,56,23,12,"B",134.522876331975,"23"
"4407",209.294343216087,58,23,12,"B",134.522876331975,"23"
"4408",209.949140824719,60,23,12,"B",134.522876331975,"23"
"4409",210.607124956728,62,23,12,"B",134.522876331975,"23"
"4410",211.264270131276,64,23,12,"B",134.522876331975,"23"
"4411",211.916359491841,66,23,12,"B",134.522876331975,"23"
"4412",212.559024145353,68,23,12,"B",134.522876331975,"23"
"4413",213.187784137933,70,23,12,"B",134.522876331975,"23"
"4414",213.798089829253,72,23,12,"B",134.522876331975,"23"
"4415",214.38536449102,74,23,12,"B",134.522876331975,"23"
"4416",214.945047233814,76,23,12,"B",134.522876331975,"23"
"4417",215.472635126391,78,23,12,"B",134.522876331975,"23"
"4418",215.963725904608,80,23,12,"B",134.522876331975,"23"
"4419",216.414058805149,82,23,12,"B",134.522876331975,"23"
"4420",216.819550014522,84,23,12,"B",134.522876331975,"23"
"4421",217.176330264645,86,23,12,"B",134.522876331975,"23"
"4422",217.480784037203,88,23,12,"B",134.522876331975,"23"
"4423",217.729582616418,90,23,12,"B",134.522876331975,"23"
"4424",217.91971681908,92,23,12,"B",134.522876331975,"23"
"4425",218.048521563715,94,23,12,"B",134.522876331975,"23"
"4426",218.11369921376,96,23,12,"B",134.522876331975,"23"
"4427",218.113339943863,98,23,12,"B",134.522876331975,"23"
"4428",218.045941293866,100,23,12,"B",134.522876331975,"23"
"4429",217.910421316454,102,23,12,"B",134.522876331975,"23"
"4430",217.706126204287,104,23,12,"B",134.522876331975,"23"
"4431",217.432837853488,106,23,12,"B",134.522876331975,"23"
"4432",217.090773109448,108,23,12,"B",134.522876331975,"23"
"4433",216.680587854816,110,23,12,"B",134.522876331975,"23"
"4434",216.203376812134,112,23,12,"B",134.522876331975,"23"
"4435",215.660663127798,114,23,12,"B",134.522876331975,"23"
"4436",215.054387256639,116,23,12,"B",134.522876331975,"23"
"4437",214.386901047878,118,23,12,"B",134.522876331975,"23"
"4438",213.66094585122,120,23,12,"B",134.522876331975,"23"
"4439",212.87963641348,122,23,12,"B",134.522876331975,"23"
"4440",212.046440741745,124,23,12,"B",134.522876331975,"23"
"4441",211.165164017913,126,23,12,"B",134.522876331975,"23"
"4442",210.239920822613,128,23,12,"B",134.522876331975,"23"
"4443",209.275108056167,130,23,12,"B",134.522876331975,"23"
"4444",208.275378449117,132,23,12,"B",134.522876331975,"23"
"4445",207.245616477512,134,23,12,"B",134.522876331975,"23"
"4446",206.190912637364,136,23,12,"B",134.522876331975,"23"
"4447",205.116536835219,138,23,12,"B",134.522876331975,"23"
"4448",204.027909262844,140,23,12,"B",134.522876331975,"23"
"4449",202.930573846536,142,23,12,"B",134.522876331975,"23"
"4450",201.830168299905,144,23,12,"B",134.522876331975,"23"
"4451",200.732393495053,146,23,12,"B",134.522876331975,"23"
"4452",199.642982553504,148,23,12,"B",134.522876331975,"23"
"4453",198.567669387507,150,23,12,"B",134.522876331975,"23"
"4454",197.512156241827,152,23,12,"B",134.522876331975,"23"
"4455",196.482081062511,154,23,12,"B",134.522876331975,"23"
"4456",195.482985056807,156,23,12,"B",134.522876331975,"23"
"4457",194.520279833737,158,23,12,"B",134.522876331975,"23"
"4458",193.599212979129,160,23,12,"B",134.522876331975,"23"
"4459",192.724835006665,162,23,12,"B",134.522876331975,"23"
"4460",191.901964928523,164,23,12,"B",134.522876331975,"23"
"4461",191.135153651411,166,23,12,"B",134.522876331975,"23"
"4462",190.428645215283,168,23,12,"B",134.522876331975,"23"
"4463",189.786339815514,170,23,12,"B",134.522876331975,"23"
"4464",189.211762293988,172,23,12,"B",134.522876331975,"23"
"4465",188.708033383037,174,23,12,"B",134.522876331975,"23"
"4466",188.277836328305,176,23,12,"B",134.522876331975,"23"
"4467",187.923386538505,178,23,12,"B",134.522876331975,"23"
"4468",187.646406014536,180,23,12,"B",134.522876331975,"23"
"4469",187.448095583838,182,23,12,"B",134.522876331975,"23"
"4470",187.329116974734,184,23,12,"B",134.522876331975,"23"
"4471",187.289578256139,186,23,12,"B",134.522876331975,"23"
"4472",187.329015236638,188,23,12,"B",134.522876331975,"23"
"4473",187.446387883631,190,23,12,"B",134.522876331975,"23"
"4474",187.640084197695,192,23,12,"B",134.522876331975,"23"
"4475",187.907914507937,194,23,12,"B",134.522876331975,"23"
"4476",188.247114332529,196,23,12,"B",134.522876331975,"23"
"4477",188.654358920189,198,23,12,"B",134.522876331975,"23"
"4478",189.125779594229,200,23,12,"B",134.522876331975,"23"
"4479",189.656986783264,202,23,12,"B",134.522876331975,"23"
"4480",190.243096343123,204,23,12,"B",134.522876331975,"23"
"4481",190.878760837509,206,23,12,"B",134.522876331975,"23"
"4482",191.5582110882,208,23,12,"B",134.522876331975,"23"
"4483",192.275300653994,210,23,12,"B",134.522876331975,"23"
"4484",193.023555392319,212,23,12,"B",134.522876331975,"23"
"4485",193.796227256552,214,23,12,"B",134.522876331975,"23"
"4486",194.58635188124,216,23,12,"B",134.522876331975,"23"
"4487",195.386807865911,218,23,12,"B",134.522876331975,"23"
"4488",196.190380475637,220,23,12,"B",134.522876331975,"23"
"4489",196.989828700877,222,23,12,"B",134.522876331975,"23"
"4490",197.777953034032,224,23,12,"B",134.522876331975,"23"
"4491",198.547669484566,226,23,12,"B",134.522876331975,"23"
"4492",199.292085269505,228,23,12,"B",134.522876331975,"23"
"4493",200.004572816578,230,23,12,"B",134.522876331975,"23"
"4494",200.678845708103,232,23,12,"B",134.522876331975,"23"
"4495",201.309035864553,234,23,12,"B",134.522876331975,"23"
"4496",201.889770620874,236,23,12,"B",134.522876331975,"23"
"4497",202.416229346466,238,23,12,"B",134.522876331975,"23"
"4498",202.884188002084,240,23,12,"B",134.522876331975,"23"
"4499",203.290066538777,242,23,12,"B",134.522876331975,"23"
"4500",203.630954344811,244,23,12,"B",134.522876331975,"23"
"4501",203.904633317143,246,23,12,"B",134.522876331975,"23"
"4502",204.109602083011,248,23,12,"B",134.522876331975,"23"
"4503",204.2451060156,250,23,12,"B",134.522876331975,"23"
"4504",204.311163280844,252,23,12,"B",134.522876331975,"23"
"4505",204.308564098566,254,23,12,"B",134.522876331975,"23"
"4506",204.238878523302,256,23,12,"B",134.522876331975,"23"
"4507",204.104456592626,258,23,12,"B",134.522876331975,"23"
"4508",203.908410533772,260,23,12,"B",134.522876331975,"23"
"4509",203.654581782368,262,23,12,"B",134.522876331975,"23"
"4510",203.347511571225,264,23,12,"B",134.522876331975,"23"
"4511",202.992399354089,266,23,12,"B",134.522876331975,"23"
"4512",202.595040947698,268,23,12,"B",134.522876331975,"23"
"4513",202.161763358314,270,23,12,"B",134.522876331975,"23"
"4514",201.699353931127,272,23,12,"B",134.522876331975,"23"
"4515",201.214981227268,274,23,12,"B",134.522876331975,"23"
"4516",200.716115337543,276,23,12,"B",134.522876331975,"23"
"4517",200.210440196739,278,23,12,"B",134.522876331975,"23"
"4518",199.70576207967,280,23,12,"B",134.522876331975,"23"
"4519",199.209915303694,282,23,12,"B",134.522876331975,"23"
"4520",198.730667879687,284,23,12,"B",134.522876331975,"23"
"4521",198.275625773493,286,23,12,"B",134.522876331975,"23"
"4522",197.852143883366,288,23,12,"B",134.522876331975,"23"
"4523",197.467238656089,290,23,12,"B",134.522876331975,"23"
"4524",197.127500051904,292,23,12,"B",134.522876331975,"23"
"4525",196.838999887187,294,23,12,"B",134.522876331975,"23"
"4526",196.607213101168,296,23,12,"B",134.522876331975,"23"
"4527",196.436949560539,298,23,12,"B",134.522876331975,"23"
"4528",196.332291155644,300,23,12,"B",134.522876331975,"23"
"4529",196.29654105523,302,23,12,"B",134.522876331975,"23"
"4530",196.332189029049,304,23,12,"B",134.522876331975,"23"
"4531",196.44087337299,306,23,12,"B",134.522876331975,"23"
"4532",196.623348829337,308,23,12,"B",134.522876331975,"23"
"4533",196.879480050328,310,23,12,"B",134.522876331975,"23"
"4534",197.208245021261,312,23,12,"B",134.522876331975,"23"
"4535",197.607735944683,314,23,12,"B",134.522876331975,"23"
"4536",198.075180611963,316,23,12,"B",134.522876331975,"23"
"4537",198.606973153768,318,23,12,"B",134.522876331975,"23"
"4538",199.198721124945,320,23,12,"B",134.522876331975,"23"
"4539",199.84529881284,322,23,12,"B",134.522876331975,"23"
"4540",200.540917521643,324,23,12,"B",134.522876331975,"23"
"4541",201.279187670687,326,23,12,"B",134.522876331975,"23"
"4542",202.053196434873,328,23,12,"B",134.522876331975,"23"
"4543",202.85558961994,330,23,12,"B",134.522876331975,"23"
"4544",203.678659048498,332,23,12,"B",134.522876331975,"23"
"4545",204.514438653219,334,23,12,"B",134.522876331975,"23"
"4546",205.354806091205,336,23,12,"B",134.522876331975,"23"
"4547",206.191587651855,338,23,12,"B",134.522876331975,"23"
"4548",207.016663860694,340,23,12,"B",134.522876331975,"23"
"4549",207.822076796692,342,23,12,"B",134.522876331975,"23"
"4550",208.600135854458,344,23,12,"B",134.522876331975,"23"
"4551",209.343517043498,346,23,12,"B",134.522876331975,"23"
"4552",210.045361223565,348,23,12,"B",134.522876331975,"23"
"4553",210.699370396644,350,23,12,"B",134.522876331975,"23"
"4554",211.299884523522,352,23,12,"B",134.522876331975,"23"
"4555",211.841950036147,354,23,12,"B",134.522876331975,"23"
"4556",212.32139411397,356,23,12,"B",134.522876331975,"23"
"4557",212.734871184349,358,23,12,"B",134.522876331975,"23"
"4558",213.079896861164,360,23,12,"B",134.522876331975,"23"
"4559",213.354872479849,362,23,12,"B",134.522876331975,"23"
"4560",213.559088379938,364,23,12,"B",134.522876331975,"23"
"4561",213.692729997107,366,23,12,"B",134.522876331975,"23"
"4562",213.756868883679,368,23,12,"B",134.522876331975,"23"
"4563",213.753427938456,370,23,12,"B",134.522876331975,"23"
"4564",213.685130572121,372,23,12,"B",134.522876331975,"23"
"4565",213.555430201097,374,23,12,"B",134.522876331975,"23"
"4566",213.368443081006,376,23,12,"B",134.522876331975,"23"
"4567",213.128861943473,378,23,12,"B",134.522876331975,"23"
"4568",212.841848545129,380,23,12,"B",134.522876331975,"23"
"4569",212.512917634182,382,23,12,"B",134.522876331975,"23"
"4570",212.147805686454,384,23,12,"B",134.522876331975,"23"
"4571",211.752333944843,386,23,12,"B",134.522876331975,"23"
"4572",211.332261536515,388,23,12,"B",134.522876331975,"23"
"4573",210.893129918879,390,23,12,"B",134.522876331975,"23"
"4574",210.440096712901,392,23,12,"B",134.522876331975,"23"
"4575",209.977768380911,394,23,12,"B",134.522876331975,"23"
"4576",209.510018836995,396,23,12,"B",134.522876331975,"23"
"4577",209.039800066091,398,23,12,"B",134.522876331975,"23"
"4578",225.898521814093,2,24,12,"B",140.681138361472,"24"
"4579",225.145346930948,4,24,12,"B",140.681138361472,"24"
"4580",224.392979262892,6,24,12,"B",140.681138361472,"24"
"4581",223.642385052454,8,24,12,"B",140.681138361472,"24"
"4582",222.894904750087,10,24,12,"B",140.681138361472,"24"
"4583",222.152244367771,12,24,12,"B",140.681138361472,"24"
"4584",221.416464898501,14,24,12,"B",140.681138361472,"24"
"4585",220.68997296395,16,24,12,"B",140.681138361472,"24"
"4586",219.975504062666,18,24,12,"B",140.681138361472,"24"
"4587",219.276103503355,20,24,12,"B",140.681138361472,"24"
"4588",218.595106782255,22,24,12,"B",140.681138361472,"24"
"4589",217.936110739033,24,24,12,"B",140.681138361472,"24"
"4590",217.302940839021,26,24,12,"B",140.681138361472,"24"
"4591",216.699617860011,28,24,12,"B",140.681138361472,"24"
"4592",216.13031954475,30,24,12,"B",140.681138361472,"24"
"4593",215.599336906049,32,24,12,"B",140.681138361472,"24"
"4594",215.111025543989,34,24,12,"B",140.681138361472,"24"
"4595",214.669753929771,36,24,12,"B",140.681138361472,"24"
"4596",214.279847950663,38,24,12,"B",140.681138361472,"24"
"4597",213.945532727079,40,24,12,"B",140.681138361472,"24"
"4598",213.67087015462,42,24,12,"B",140.681138361472,"24"
"4599",213.459696514631,44,24,12,"B",140.681138361472,"24"
"4600",213.315558498615,46,24,12,"B",140.681138361472,"24"
"4601",213.241647656914,48,24,12,"B",140.681138361472,"24"
"4602",213.240734535783,50,24,12,"B",140.681138361472,"24"
"4603",213.315097966746,52,24,12,"B",140.681138361472,"24"
"4604",213.466465884602,54,24,12,"B",140.681138361472,"24"
"4605",213.69595556544,56,24,12,"B",140.681138361472,"24"
"4606",214.004030673006,58,24,12,"B",140.681138361472,"24"
"4607",214.390450325186,60,24,12,"B",140.681138361472,"24"
"4608",214.854214845789,62,24,12,"B",140.681138361472,"24"
"4609",215.393536445467,64,24,12,"B",140.681138361472,"24"
"4610",216.005810671093,66,24,12,"B",140.681138361472,"24"
"4611",216.687603649499,68,24,12,"B",140.681138361472,"24"
"4612",217.434640876242,70,24,12,"B",140.681138361472,"24"
"4613",218.241801436999,72,24,12,"B",140.681138361472,"24"
"4614",219.103135601688,74,24,12,"B",140.681138361472,"24"
"4615",220.011877669454,76,24,12,"B",140.681138361472,"24"
"4616",220.960492598162,78,24,12,"B",140.681138361472,"24"
"4617",221.940720032559,80,24,12,"B",140.681138361472,"24"
"4618",222.943632473115,82,24,12,"B",140.681138361472,"24"
"4619",223.95970418621,84,24,12,"B",140.681138361472,"24"
"4620",224.978882983851,86,24,12,"B",140.681138361472,"24"
"4621",225.990682089312,88,24,12,"B",140.681138361472,"24"
"4622",226.984279084245,90,24,12,"B",140.681138361472,"24"
"4623",227.948623440923,92,24,12,"B",140.681138361472,"24"
"4624",228.872546554922,94,24,12,"B",140.681138361472,"24"
"4625",229.744878298565,96,24,12,"B",140.681138361472,"24"
"4626",230.554566932635,98,24,12,"B",140.681138361472,"24"
"4627",231.290804030101,100,24,12,"B",140.681138361472,"24"
"4628",231.943145968002,102,24,12,"B",140.681138361472,"24"
"4629",232.501635251222,104,24,12,"B",140.681138361472,"24"
"4630",232.956928594666,106,24,12,"B",140.681138361472,"24"
"4631",233.300415032582,108,24,12,"B",140.681138361472,"24"
"4632",233.524337380777,110,24,12,"B",140.681138361472,"24"
"4633",233.621891950897,112,24,12,"B",140.681138361472,"24"
"4634",233.587327042168,114,24,12,"B",140.681138361472,"24"
"4635",233.416037402687,116,24,12,"B",140.681138361472,"24"
"4636",233.104632186022,118,24,12,"B",140.681138361472,"24"
"4637",232.651024638072,120,24,12,"B",140.681138361472,"24"
"4638",232.054491928436,122,24,12,"B",140.681138361472,"24"
"4639",231.315692421273,124,24,12,"B",140.681138361472,"24"
"4640",230.436701974069,126,24,12,"B",140.681138361472,"24"
"4641",229.421020834843,128,24,12,"B",140.681138361472,"24"
"4642",228.273581198238,130,24,12,"B",140.681138361472,"24"
"4643",227.000712775449,132,24,12,"B",140.681138361472,"24"
"4644",225.610106245418,134,24,12,"B",140.681138361472,"24"
"4645",224.110759161454,136,24,12,"B",140.681138361472,"24"
"4646",222.512881257085,138,24,12,"B",140.681138361472,"24"
"4647",220.827819808254,140,24,12,"B",140.681138361472,"24"
"4648",219.067957392213,142,24,12,"B",140.681138361472,"24"
"4649",217.246592751052,144,24,12,"B",140.681138361472,"24"
"4650",215.37780967641,146,24,12,"B",140.681138361472,"24"
"4651",213.476331355686,148,24,12,"B",140.681138361472,"24"
"4652",211.557370310543,150,24,12,"B",140.681138361472,"24"
"4653",209.636464985445,152,24,12,"B",140.681138361472,"24"
"4654",207.729317572443,154,24,12,"B",140.681138361472,"24"
"4655",205.851622849535,156,24,12,"B",140.681138361472,"24"
"4656",204.018896618318,158,24,12,"B",140.681138361472,"24"
"4657",202.246307100224,160,24,12,"B",140.681138361472,"24"
"4658",200.548507249636,162,24,12,"B",140.681138361472,"24"
"4659",198.939465058609,164,24,12,"B",140.681138361472,"24"
"4660",197.432325395471,166,24,12,"B",140.681138361472,"24"
"4661",196.039271368861,168,24,12,"B",140.681138361472,"24"
"4662",194.771403852741,170,24,12,"B",140.681138361472,"24"
"4663",193.638641196633,172,24,12,"B",140.681138361472,"24"
"4664",192.649600270815,174,24,12,"B",140.681138361472,"24"
"4665",191.811507577024,176,24,12,"B",140.681138361472,"24"
"4666",191.130144750126,178,24,12,"B",140.681138361472,"24"
"4667",190.609778965852,180,24,12,"B",140.681138361472,"24"
"4668",190.25310922409,182,24,12,"B",140.681138361472,"24"
"4669",190.061243650053,184,24,12,"B",140.681138361472,"24"
"4670",190.033691930176,186,24,12,"B",140.681138361472,"24"
"4671",190.168369430989,188,24,12,"B",140.681138361472,"24"
"4672",190.46163919353,190,24,12,"B",140.681138361472,"24"
"4673",190.908351371815,192,24,12,"B",140.681138361472,"24"
"4674",191.50190046491,194,24,12,"B",140.681138361472,"24"
"4675",192.234288990308,196,24,12,"B",140.681138361472,"24"
"4676",193.096204394994,198,24,12,"B",140.681138361472,"24"
"4677",194.077119804483,200,24,12,"B",140.681138361472,"24"
"4678",195.165430585075,202,24,12,"B",140.681138361472,"24"
"4679",196.348575368983,204,24,12,"B",140.681138361472,"24"
"4680",197.613159519026,206,24,12,"B",140.681138361472,"24"
"4681",198.945103596332,208,24,12,"B",140.681138361472,"24"
"4682",200.329801004514,210,24,12,"B",140.681138361472,"24"
"4683",201.752273915464,212,24,12,"B",140.681138361472,"24"
"4684",203.19733901849,214,24,12,"B",140.681138361472,"24"
"4685",204.649772439691,216,24,12,"B",140.681138361472,"24"
"4686",206.094473258346,218,24,12,"B",140.681138361472,"24"
"4687",207.516625159103,220,24,12,"B",140.681138361472,"24"
"4688",208.90185277828,222,24,12,"B",140.681138361472,"24"
"4689",210.236381498508,224,24,12,"B",140.681138361472,"24"
"4690",211.507188978032,226,24,12,"B",140.681138361472,"24"
"4691",212.70214439531,228,24,12,"B",140.681138361472,"24"
"4692",213.810146725271,230,24,12,"B",140.681138361472,"24"
"4693",214.821233902124,232,24,12,"B",140.681138361472,"24"
"4694",215.726683845204,234,24,12,"B",140.681138361472,"24"
"4695",216.51909008991,236,24,12,"B",140.681138361472,"24"
"4696",217.192422902193,238,24,12,"B",140.681138361472,"24"
"4697",217.742098368915,240,24,12,"B",140.681138361472,"24"
"4698",218.165005537479,242,24,12,"B",140.681138361472,"24"
"4699",218.459508922819,244,24,12,"B",140.681138361472,"24"
"4700",218.625458066852,246,24,12,"B",140.681138361472,"24"
"4701",218.66415537354,248,24,12,"B",140.681138361472,"24"
"4702",218.578335211149,250,24,12,"B",140.681138361472,"24"
"4703",218.372141218095,252,24,12,"B",140.681138361472,"24"
"4704",218.051078425376,254,24,12,"B",140.681138361472,"24"
"4705",217.621954393533,256,24,12,"B",140.681138361472,"24"
"4706",217.092776785872,258,24,12,"B",140.681138361472,"24"
"4707",216.472648182869,260,24,12,"B",140.681138361472,"24"
"4708",215.77161613693,262,24,12,"B",140.681138361472,"24"
"4709",215.000523138914,264,24,12,"B",140.681138361472,"24"
"4710",214.170849638995,266,24,12,"B",140.681138361472,"24"
"4711",213.294565530942,268,24,12,"B",140.681138361472,"24"
"4712",212.383988641649,270,24,12,"B",140.681138361472,"24"
"4713",211.451636941818,272,24,12,"B",140.681138361472,"24"
"4714",210.510080500476,274,24,12,"B",140.681138361472,"24"
"4715",209.571794133336,276,24,12,"B",140.681138361472,"24"
"4716",208.649013709043,278,24,12,"B",140.681138361472,"24"
"4717",207.753594132973,280,24,12,"B",140.681138361472,"24"
"4718",206.89687196995,282,24,12,"B",140.681138361472,"24"
"4719",206.089542983131,284,24,12,"B",140.681138361472,"24"
"4720",205.34153943797,286,24,12,"B",140.681138361472,"24"
"4721",204.661929540788,288,24,12,"B",140.681138361472,"24"
"4722",204.058827250449,290,24,12,"B",140.681138361472,"24"
"4723",203.539302021431,292,24,12,"B",140.681138361472,"24"
"4724",203.109305690158,294,24,12,"B",140.681138361472,"24"
"4725",202.773608604593,296,24,12,"B",140.681138361472,"24"
"4726",202.535750626507,298,24,12,"B",140.681138361472,"24"
"4727",202.398028475119,300,24,12,"B",140.681138361472,"24"
"4728",202.361477392594,302,24,12,"B",140.681138361472,"24"
"4729",202.425873100926,304,24,12,"B",140.681138361472,"24"
"4730",202.589742898394,306,24,12,"B",140.681138361472,"24"
"4731",202.850394084935,308,24,12,"B",140.681138361472,"24"
"4732",203.203962855983,310,24,12,"B",140.681138361472,"24"
"4733",203.645461551655,312,24,12,"B",140.681138361472,"24"
"4734",204.168863553553,314,24,12,"B",140.681138361472,"24"
"4735",204.767176450759,316,24,12,"B",140.681138361472,"24"
"4736",205.432537894512,318,24,12,"B",140.681138361472,"24"
"4737",206.15631805958,320,24,12,"B",140.681138361472,"24"
"4738",206.929220453167,322,24,12,"B",140.681138361472,"24"
"4739",207.741413090788,324,24,12,"B",140.681138361472,"24"
"4740",208.58265285241,326,24,12,"B",140.681138361472,"24"
"4741",209.44241182053,328,24,12,"B",140.681138361472,"24"
"4742",210.310005394324,330,24,12,"B",140.681138361472,"24"
"4743",211.174723699774,332,24,12,"B",140.681138361472,"24"
"4744",212.025960073875,334,24,12,"B",140.681138361472,"24"
"4745",212.853338938402,336,24,12,"B",140.681138361472,"24"
"4746",213.646835736994,338,24,12,"B",140.681138361472,"24"
"4747",214.396895648061,340,24,12,"B",140.681138361472,"24"
"4748",215.094533437674,342,24,12,"B",140.681138361472,"24"
"4749",215.731426784346,344,24,12,"B",140.681138361472,"24"
"4750",216.300011396127,346,24,12,"B",140.681138361472,"24"
"4751",216.793552425156,348,24,12,"B",140.681138361472,"24"
"4752",217.206209135559,350,24,12,"B",140.681138361472,"24"
"4753",217.533090982608,352,24,12,"B",140.681138361472,"24"
"4754",217.770291104956,354,24,12,"B",140.681138361472,"24"
"4755",217.914923608556,356,24,12,"B",140.681138361472,"24"
"4756",217.965138996777,358,24,12,"B",140.681138361472,"24"
"4757",217.920124439501,360,24,12,"B",140.681138361472,"24"
"4758",217.780101203022,362,24,12,"B",140.681138361472,"24"
"4759",217.546300202521,364,24,12,"B",140.681138361472,"24"
"4760",217.220918456027,366,24,12,"B",140.681138361472,"24"
"4761",216.807064509959,368,24,12,"B",140.681138361472,"24"
"4762",216.308697290377,370,24,12,"B",140.681138361472,"24"
"4763",215.730552106976,372,24,12,"B",140.681138361472,"24"
"4764",215.078054974456,374,24,12,"B",140.681138361472,"24"
"4765",214.35721301395,376,24,12,"B",140.681138361472,"24"
"4766",213.574504494511,378,24,12,"B",140.681138361472,"24"
"4767",212.736762067135,380,24,12,"B",140.681138361472,"24"
"4768",211.851037950915,382,24,12,"B",140.681138361472,"24"
"4769",210.924462190707,384,24,12,"B",140.681138361472,"24"
"4770",209.964091430116,386,24,12,"B",140.681138361472,"24"
"4771",208.976750222993,388,24,12,"B",140.681138361472,"24"
"4772",207.968868074136,390,24,12,"B",140.681138361472,"24"
"4773",206.946302663518,392,24,12,"B",140.681138361472,"24"
"4774",205.914170790225,394,24,12,"B",140.681138361472,"24"
"4775",204.876667284151,396,24,12,"B",140.681138361472,"24"
"4776",203.836880901908,398,24,12,"B",140.681138361472,"24"
